CUSTOMERID,CUSTOMER_NAME,CUSTOMEREMAIL,CITY,CUSTOMERCREATEDAT
1,Chrystel,cnoli0@un.org,Karanggedang,2022-03-03
2,Millie,mheadrick1@indiegogo.com,Maswa,2022-08-06
3,Rosette,rhillhouse2@cbc.ca,North Saanich,2024-02-28
4,Ashia,atyndall3@ucla.edu,Lampa,2025-05-08
5,Kippie,kkorn4@xrea.com,Porto de Mós,2023-12-16
6,Cassie,cizen5@themeforest.net,Beijie,2026-03-24
7,Xavier,xthebeaud6@posterous.com,Magarao,2024-07-12
8,Linn,lwileman7@smh.com.au,Bacong,2024-02-11
9,Bent,blode8@blogtalkradio.com,Maria,2025-10-06
10,Trista,tgay9@ucla.edu,Sula,2023-11-17
11,Ailsun,apatienta@histats.com,Gulariyā,2025-06-10
12,Even,ematterdaceb@auda.org.au,Severoural’sk,2023-11-25
13,Roderich,rallberryc@arizona.edu,Kambatatamakawu,2025-05-29
14,Tymon,tcopcottd@gizmodo.com,Burgersfort,2023-05-21
15,Gae,gbeacome@yelp.com,Samran,2025-07-02
16,Basia,bomaraf@phpbb.com,Zhongcheng,2025-11-03
17,Zacharia,zruossg@topsy.com,Ōmura,2025-07-05
18,Urban,umaruszewskih@twitpic.com,Przemyśl,2023-02-20
19,Brenden,bcurneeni@ted.com,Rubirizi,2025-04-21
20,Tuesday,tderislyj@oracle.com,Čeladná,2022-01-15
21,Abel,aweatherburnk@blinklist.com,Cayenne,2025-11-04
22,Karlis,kkyllfordl@youtube.com,Évreux,2026-02-23
23,Sigismundo,ssonesm@buzzfeed.com,Aconibe,2025-04-18
24,Jill,jdolln@meetup.com,Ujae,2022-04-15
25,Cristian,cbuntaino@google.es,Kilju,2023-04-27
26,Bertrando,bchadburnp@gravatar.com,Brandýs nad Labem-Stará Boleslav,2024-08-18
27,Antonio,alereq@prlog.org,Novoaleksandrovsk,2025-05-20
28,Caldwell,ccaullierer@cmu.edu,Zapala,2022-03-26
29,Pooh,pbottomers@mac.com,Tomorlog,2025-04-18
30,Caddric,cjessopet@ftc.gov,Yongtai,2022-05-15
31,Conrado,cbrymneru@squarespace.com,Yingpu,2023-11-03
32,Verla,vmattamv@dailymail.co.uk,Dasha,2023-11-18
33,Esma,eautryw@slideshare.net,Smithers,2024-10-07
34,Bendick,blillowx@i2i.jp,Sannikovo,2022-01-08
35,Mead,mutleyy@gravatar.com,Labnig,2026-04-04
36,Kip,kstovenz@taobao.com,Sinyavino,2022-04-05
37,Rory,rdeighan10@weebly.com,Włocławek,2025-08-19
38,Malynda,mwilderspoon11@lycos.com,El’brus,2022-03-13
39,Forrester,flaherty12@rambler.ru,Slobidka,2023-07-18
40,Constanta,clingwood13@amazon.co.jp,Maralal,2023-04-25
41,Northrup,nlaurant14@shinystat.com,Hrádek,2022-05-20
42,Kassi,ktrippick15@va.gov,Feikeng,2023-08-14
43,Panchito,pbachelar16@hostgator.com,Pescara,2024-05-15
44,Lars,lbrierley17@paginegialle.it,Palama,2026-01-26
45,Elena,eprenty18@craigslist.org,Golubac,2024-04-03
46,Gloria,gmacnab19@desdev.cn,Igede-Ekiti,2023-08-22
47,Jedd,jdevitt1a@homestead.com,Vänersborg,2023-04-03
48,Benedick,blewinton1b@vkontakte.ru,Granja,2022-09-18
49,Erskine,emilam1c@blog.com,Guadalupe,2024-12-23
50,Jonis,jwankling1d@arstechnica.com,Chiba,2022-09-25
51,Sidnee,smesser1e@dedecms.com,Rerawere,2024-11-10
52,Yorgos,ycouttes1f@goodreads.com,Capayán,2022-12-20
53,Caty,csoutar1g@yale.edu,Notodden,2025-07-25
54,Ingamar,iranscombe1h@woothemes.com,Soraya,2024-04-29
55,Byrom,bmacdowall1i@topsy.com,Sviadnov,2025-02-09
56,Trix,tbrashier1j@ihg.com,Yantian,2022-08-21
57,Elana,eizakovitz1k@pbs.org,Canoinhas,2025-10-19
58,Conant,cbrookwood1l@state.tx.us,Lat Lum Kaeo,2023-06-28
59,Issy,itaig1m@studiopress.com,Châteauroux,2025-05-01
60,Gun,gstenhouse1n@oakley.com,Masachapa,2025-06-07
61,Silvanus,sguerreau1o@blogger.com,Tierp,2024-11-12
62,Umberto,ubraybrooke1p@seattletimes.com,Paine,2025-01-17
63,Ferdinand,feastby1q@ucoz.com,Lücheng,2022-01-07
64,Trace,tthornley1r@intel.com,Kushchëvskaya,2022-10-25
65,Zitella,zoleshunin1s@umich.edu,Jombang,2023-09-21
66,Vanda,vgoodrum1t@arstechnica.com,Niort,2024-02-01
67,Bamby,bgrime1u@upenn.edu,Jieyang,2022-04-09
68,Sybyl,srivaland1v@godaddy.com,Río Grande,2024-09-09
69,Tim,tmaxstead1w@yandex.ru,Ibicaraí,2024-06-07
70,Annemarie,afeatherbie1x@4shared.com,Shilin,2025-07-07
71,Bruno,bmacmillan1y@nih.gov,Sepekov,2022-12-16
72,Elisha,etrevers1z@nydailynews.com,Doubrava,2023-06-23
73,Marleah,mpauwel20@weebly.com,Xinhua,2025-04-09
74,Ajay,apassey21@imageshack.us,Wonorejo,2025-07-28
75,Bernete,bcleiment22@tripod.com,Jiuhua,2024-09-05
76,Ibbie,irival23@rambler.ru,Thành Phố Phủ Lý,2025-03-12
77,Arlen,ariddler24@un.org,Boaco,2025-11-20
78,Bobbette,bdarcey25@cornell.edu,Uthal,2024-06-30
79,Pate,pkidner26@thetimes.co.uk,Río Colorado,2023-01-16
80,Bianca,bboulton27@loc.gov,Mets Parni,2024-09-23
81,Alan,apach28@e-recht24.de,Socorro,2023-07-09
82,My,mwoollhead29@cdc.gov,Áno Kastrítsion,2023-08-01
83,Nicky,nredwood2a@gizmodo.com,Soasio,2024-04-07
84,Bibbie,bgash2b@slate.com,Santuario,2023-12-14
85,Jerrie,jloram2c@si.edu,Shums’k,2023-03-06
86,Ludwig,lbody2d@wufoo.com,Sogamoso,2025-05-31
87,Dalt,dkittley2e@google.cn,Ormož,2023-05-14
88,Buck,bvondrasek2f@rambler.ru,Toulouse,2022-08-18
89,Dena,dgaveltone2g@senate.gov,São Torcato,2024-08-03
90,Leigh,lbruggen2h@jalbum.net,Pamplona/Iruña,2026-01-08
91,Guntar,gmenel2i@fc2.com,Bundoran,2026-03-16
92,Margareta,mbonham2j@gov.uk,Staten Island,2022-05-04
93,Deeann,daiken2k@privacy.gov.au,Paris 13,2024-12-01
94,Dorthy,ddominelli2l@gizmodo.com,São Martinho,2023-10-17
95,Dilly,dcuttin2m@cnn.com,Karangbaru,2025-08-08
96,Heriberto,hsalvidge2n@etsy.com,Timmins,2024-08-25
97,Veronique,vcoulter2o@sourceforge.net,Del Monte,2024-08-16
98,Rubina,rianson2p@cyberchimps.com,Yŏng-dong,2023-11-01
99,Vera,vure2q@jalbum.net,Kiyawa,2026-04-01
100,Joell,jcalvie2r@opera.com,Līvāni,2022-10-08
101,Romeo,rcoats2s@npr.org,Lancaster,2023-08-21
102,Micah,momohun2t@bravesites.com,Usab,2023-07-07
103,Gwenora,gprocter2u@51.la,Wenheng,2022-12-14
104,Coop,csampson2v@disqus.com,East London,2023-05-22
105,Nike,noda2w@wordpress.org,Lansing,2023-10-17
106,Arlen,apayne2x@hostgator.com,Przemków,2022-01-29
107,Kaitlyn,kgerlts2y@about.me,El Aïoun,2024-12-02
108,Denise,dchellam2z@vkontakte.ru,Polzela,2025-01-17
109,Isaac,iwesley30@tinyurl.com,Harrison,2025-02-14
110,Theo,tlaffoleylane31@google.co.uk,Dallas,2025-01-18
111,Manolo,mdezuani32@istockphoto.com,Nanterre,2023-08-08
112,Evangeline,equeyos33@comsenz.com,Inčukalns,2022-12-16
113,Stephine,sskilbeck34@lulu.com,Páno Polemídia,2026-03-08
114,Burt,bfontanet35@reverbnation.com,Puerto Obaldía,2026-01-13
115,Berkly,bsmitheram36@flavors.me,Tigre,2025-12-01
116,Maridel,mchurching37@va.gov,Zarechnyy,2024-05-28
117,Ransell,rlefever38@flavors.me,Quintã,2025-09-02
118,Skylar,sberanek39@freewebs.com,Gaoling,2023-07-01
119,Roda,rgillan3a@wp.com,Limen,2022-01-10
120,Benton,bgress3b@over-blog.com,Faro,2023-09-09
121,Rona,rblakiston3c@msu.edu,Karmai,2022-09-28
122,Wayne,waird3d@reverbnation.com,Piekoszów,2024-11-11
123,Kessiah,kframmingham3e@miibeian.gov.cn,Jixiang,2023-11-30
124,Gratiana,gmersh3f@virginia.edu,Kokembang,2025-08-11
125,Alick,akentwell3g@booking.com,Safed,2022-04-03
126,Min,mmatteucci3h@utexas.edu,Huangtan,2022-08-01
127,Yovonnda,yvacher3i@webs.com,Ya’ergenchu,2023-05-25
128,Coletta,cvernay3j@kickstarter.com,Malalag,2022-10-20
129,Elyssa,ekrojn3k@desdev.cn,San-Pédro,2025-10-10
130,Julia,jkeigher3l@ibm.com,Balogo,2024-11-14
131,Shell,spauly3m@imdb.com,Tríkeri,2022-07-14
132,Angel,adevonald3n@theglobeandmail.com,Shchigry,2025-11-03
133,Emalee,ewhorlow3o@deliciousdays.com,Kafr Mandā,2023-03-31
134,Roxana,rshakespeare3p@boston.com,Bindang,2023-05-27
135,Annabella,adennes3q@odnoklassniki.ru,Paris 13,2024-08-29
136,Carlyn,cpudden3r@e-recht24.de,Picton,2024-07-25
137,Chane,ckrop3s@exblog.jp,‘Amrān,2022-03-21
138,Vida,vjohnys3t@opensource.org,Woha,2024-07-29
139,Miltie,mnaseby3u@flickr.com,Meia Via,2024-03-08
140,Toiboid,tfreeland3v@cam.ac.uk,Cijayana,2024-12-18
141,Brade,bkuschke3w@about.me,Kalmar,2024-09-03
142,Corabella,cwallhead3x@tiny.cc,Łaszczów,2024-12-11
143,Shirlee,slaxtonne3y@digg.com,Jagüey Grande,2023-10-07
144,Kizzie,kasals3z@ezinearticles.com,Alma,2023-08-23
145,Orelee,osnelle40@bloomberg.com,Mthatha,2023-10-26
146,Ginni,gnozzolii41@baidu.com,Berck,2023-09-26
147,Isidoro,icordsen42@ibm.com,Sever do Vouga,2024-12-19
148,Jim,jlightowlers43@wikia.com,Yeping,2022-04-09
149,Josi,jinge44@google.ru,Orléans,2025-04-26
150,Reagen,rpriestnall45@oaic.gov.au,Chilecito,2025-12-17
151,Reynolds,rlygo46@slate.com,Orsha,2025-01-25
152,Darline,dofallon47@e-recht24.de,Bagumbayan,2023-04-29
153,Carlyn,clindroos48@chron.com,San Pedro Ayampuc,2025-07-20
154,Asher,alubomirski49@gnu.org,Argenteuil,2026-01-06
155,Vanna,vtallent4a@jugem.jp,Marmashen,2023-06-18
156,Mari,mcavanagh4b@engadget.com,Zbiroh,2024-05-03
157,Carl,csambath4c@newyorker.com,Peukanbada,2024-12-04
158,Jeffy,jflindall4d@seesaa.net,Boucinha,2024-06-24
159,Faye,flindenbluth4e@tinypic.com,Ampasimanolotra,2025-05-03
160,Jared,jlovick4f@hostgator.com,Fengyi,2024-08-04
161,Wynn,wbovaird4g@patch.com,Chaoyang,2025-03-24
162,Samantha,swilloughey4h@slideshare.net,Yaguachi Nuevo,2022-10-19
163,Rodrique,rfittis4i@themeforest.net,Mozhga,2022-08-29
164,Aleda,agoodbairn4j@gnu.org,Angra do Heroísmo,2022-03-29
165,Ike,ioppy4k@163.com,Североморск-3,2025-07-23
166,Flem,flamers4l@ezinearticles.com,Wirodayan,2025-05-07
167,Lacee,lshearman4m@nyu.edu,Pacaycasa,2025-03-24
168,Cecelia,cgrant4n@jigsy.com,Santa Cristina Couto,2025-04-22
169,Lenore,lspring4o@webs.com,Novovarshavka,2023-04-22
170,Lenard,lbartaletti4p@posterous.com,Kalodzishchy,2023-11-27
171,Lyn,lconfort4q@mayoclinic.com,Al Manshāh,2024-11-26
172,Gwenni,gclemendot4r@techcrunch.com,Jaú,2025-12-24
173,Dorelia,dvassman4s@prnewswire.com,Mahaica Village,2025-06-23
174,Budd,bjosey4t@illinois.edu,Le Cannet,2025-07-07
175,Joachim,jmacer4u@state.gov,Nakhon Si Thammarat,2026-01-07
176,Gilemette,gnalder4v@fastcompany.com,Gorobinci,2023-05-20
177,Amelina,aflicker4w@google.de,Jixian,2023-12-31
178,Dani,dlittledike4x@xrea.com,Lawa-an,2025-01-21
179,Zora,zlesly4y@telegraph.co.uk,Ferreira do Alentejo,2023-03-20
180,Nerti,nalflatt4z@51.la,Telagaselaba,2023-07-18
181,Maurice,mdillingston50@loc.gov,Makubetsu,2022-11-14
182,Serge,sdyka51@homestead.com,Kasonawejo,2023-08-09
183,Oralle,oforre52@pinterest.com,Dardhas,2022-10-28
184,Roseanna,rosiaghail53@deliciousdays.com,Kao Liao,2026-02-18
185,Ethelin,egogie54@fc2.com,Qingliu,2022-08-06
186,Alfonse,analdrett55@unesco.org,Hamberang Sabrang,2024-08-18
187,Bartram,bgibling56@china.com.cn,Huandiqiao,2022-09-13
188,Mariquilla,mpeete57@zdnet.com,Järfälla,2025-10-23
189,Alex,abraidon58@theglobeandmail.com,Xiexiong,2025-06-11
190,Dorita,dtow59@businessinsider.com,Garahan,2023-11-10
191,Erena,emerryweather5a@paypal.com,Maiorca,2024-02-26
192,Ashlee,acurgenuer5b@imgur.com,Aygestan,2025-12-24
193,Cristina,cpadula5c@nasa.gov,Mafinga,2024-01-14
194,Ofella,omourant5d@cnn.com,Krupka,2024-11-01
195,Romona,rmardee5e@techcrunch.com,Farmington,2023-11-12
196,Ali,aglawsop5f@yale.edu,Wolometang,2025-06-15
197,Romy,rtwatt5g@indiegogo.com,Candi,2022-05-31
198,Osborne,ocanavan5h@4shared.com,Digne-les-Bains,2025-07-22
199,Kizzee,kmelarkey5i@cmu.edu,Holýšov,2024-12-09
200,Lane,ljiruca5j@un.org,Kefar Shemaryahu,2022-06-14
201,Shermie,sfennick5k@sogou.com,Mosteiros,2024-05-10
202,Webster,wbagnal5l@discuz.net,Campo Largo,2024-04-20
203,Vivien,vhentzer5m@canalblog.com,Taimaman,2025-12-24
204,Tom,tvreede5n@mit.edu,Périgueux,2025-09-05
205,Paulita,ptrusdale5o@privacy.gov.au,Padasuka,2022-10-10
206,Spike,soade5p@is.gd,Jackson,2024-11-21
207,Benetta,baudsley5q@simplemachines.org,Goght’,2023-07-20
208,Leigh,lantliff5r@unc.edu,Sennoy,2025-04-13
209,Lenora,lcorrao5s@salon.com,Venda,2024-08-17
210,Freemon,fetienne5t@yahoo.co.jp,Phong Điền,2025-08-25
211,Mora,mmumbey5u@statcounter.com,Norrköping,2024-07-03
212,Roxi,rwaltho5v@tamu.edu,Betioky,2025-11-22
213,Prentiss,pjouanet5w@hud.gov,Santo Tomás,2024-06-09
214,Yale,ychristofle5x@networkadvertising.org,Kisasa,2026-01-24
215,Raviv,rlyddiatt5y@privacy.gov.au,Buena Esperanza,2026-02-27
216,Deirdre,dmatterson5z@java.com,Tambac,2022-08-29
217,Jilli,jthrelfall60@weibo.com,Ambovombe,2023-09-19
218,Paloma,pstrutley61@moonfruit.com,Bissen,2026-04-09
219,Denis,dfarndale62@wordpress.org,Valence,2024-03-05
220,Vite,vdyter63@ucla.edu,Shuangqiao,2026-04-16
221,Nessy,nbassil64@nasa.gov,Verba,2025-10-22
222,Heidie,hwoodfine65@dot.gov,Marulanda,2022-10-07
223,Eydie,elimerick66@ebay.com,Chugay,2026-02-11
224,Fernando,fvoelker67@feedburner.com,Haoxue,2024-01-16
225,Cleon,chead68@dedecms.com,Wuyang,2022-06-10
226,Dirk,dliddy69@nationalgeographic.com,Lomme,2022-04-18
227,Ulric,utinklin6a@last.fm,Banjaranyar,2023-08-08
228,Liam,lflippen6b@marriott.com,Zürich,2024-07-21
229,Aurora,apilger6c@cbsnews.com,Veracruz,2024-07-11
230,Zebadiah,zkerridge6d@dailymotion.com,Zhanghua,2023-02-01
231,Brigida,bcapey6e@businessweek.com,Laidian,2025-06-27
232,Tanny,ttaplin6f@altervista.org,Salinggara,2023-12-16
233,Colet,cklesel6g@vistaprint.com,Chumpi,2023-01-24
234,Aymer,ageraldo6h@cornell.edu,Novaya Chigla,2023-06-02
235,Marjorie,mtroutbeck6i@furl.net,Mukō,2025-02-25
236,Verge,vaslam6j@livejournal.com,Panggungrejo,2024-06-09
237,Hamilton,hsouthers6k@youtube.com,Pasar Kidul,2023-03-31
238,Tarra,tfero6l@bizjournals.com,Lengkong,2022-05-11
239,Flss,fpatel6m@infoseek.co.jp,Santaluz,2023-11-16
240,Arney,averner6n@flickr.com,Pan-an,2023-05-28
241,Aila,apennyman6o@foxnews.com,Kasempa,2025-10-20
242,Harriott,hmuris6p@miitbeian.gov.cn,Elektrėnai,2025-03-07
243,Lewie,ldunstall6q@msn.com,Pateh Sam,2025-02-11
244,Abel,aeudall6r@example.com,Igrim,2022-10-19
245,Merissa,mivankin6s@businessinsider.com,Sampangan,2025-09-04
246,Peggy,pspellissy6t@nsw.gov.au,Kwangju,2025-03-10
247,Brenden,bandrag6u@google.pl,Wuyang,2024-08-17
248,Flemming,fellsbury6v@howstuffworks.com,Kotovsk,2022-05-08
249,Rosamond,retock6w@typepad.com,Huangqi,2026-02-26
250,Nicola,nleroux6x@biblegateway.com,Saint-Maur-des-Fossés,2023-07-12
251,Carmina,ckeizman6y@sciencedirect.com,Hekou,2023-03-20
252,Derrick,dbellas6z@europa.eu,Skalbmierz,2024-08-02
253,Lincoln,lasch70@merriam-webster.com,Babao,2022-04-25
254,Remus,rcharnock71@ted.com,Léo,2025-01-03
255,Edlin,emilier72@home.pl,Ryōtsu-minato,2025-04-17
256,Martie,mprue73@booking.com,Ghouazi,2022-03-13
257,Devonna,dcharon74@newsvine.com,Krasnyy Oktyabr’,2022-06-06
258,Camel,cpawling75@cbsnews.com,Acao,2023-03-07
259,Leshia,lkeyson76@youtube.com,Jeżów,2024-01-12
260,Hillie,htonkes77@cnet.com,Ráječko,2026-01-22
261,Cirillo,cbarringer78@npr.org,Talisay,2022-11-16
262,Giulio,ghessentaler79@purevolume.com,Kobylanka,2024-01-10
263,Erastus,ebarbier7a@apache.org,Baranoa,2022-10-24
264,Koenraad,kcrowder7b@japanpost.jp,Pumai,2023-09-05
265,Faun,feakle7c@wikia.com,Shaguotun,2026-04-03
266,Ingaborg,istanway7d@tiny.cc,El Plan,2025-08-20
267,Giorgia,gklemencic7e@howstuffworks.com,Guisser,2022-05-29
268,Reggy,rgorick7f@google.co.uk,Kroonstad,2024-01-24
269,Pepillo,psellner7g@domainmarket.com,Maguan,2022-08-09
270,Jorrie,jnussen7h@storify.com,Tunzhai,2023-03-16
271,Celie,calison7i@technorati.com,Cuispes,2022-02-23
272,Noam,ntatteshall7j@indiatimes.com,Macon,2024-07-07
273,Ernestus,ekail7k@facebook.com,Xinyang,2026-02-17
274,Sher,shayto7l@a8.net,Maliana,2025-02-08
275,Callida,cwitherop7m@google.de,Lisiy Nos,2024-02-16
276,Rora,rbalentyne7n@answers.com,San Carlos de Bariloche,2023-08-04
277,Sena,senzley7o@columbia.edu,Takatsuki,2022-01-21
278,Tabitha,telstob7p@google.it,Yong’an,2023-03-16
279,Sofie,sdran7q@google.com.au,Matnah,2022-06-03
280,Cammy,csweetlove7r@people.com.cn,Lesnikovo,2025-03-23
281,Gottfried,godoherty7s@timesonline.co.uk,Rājshāhi,2023-01-31
282,Bartlett,bmcphate7t@ucoz.com,Hoi,2025-02-17
283,Marinna,mborrowman7u@examiner.com,Keleng,2022-01-12
284,Reinwald,rweatherhead7v@discovery.com,Porsgrunn,2022-10-13
285,Mada,mginner7w@thetimes.co.uk,Wendengying,2025-04-19
286,Sabina,srawlins7x@free.fr,Wan’an,2022-04-12
287,Agace,ahedlestone7y@google.ru,Itabaianinha,2025-05-05
288,Benton,bcamidge7z@pcworld.com,Stockholm,2025-07-17
289,Chic,ccoverdill80@sourceforge.net,Thị Trấn Hùng Quốc,2026-03-19
290,Josephine,jbruno81@canalblog.com,Biting,2024-06-09
291,Layton,ldumbare82@wunderground.com,Yicheng,2024-09-03
292,Cami,crepp83@t.co,Carodok,2025-08-03
293,Raymond,rmeasey84@slate.com,Curahuasi,2026-02-01
294,Ermina,elofting85@bloglovin.com,Korisós,2025-11-10
295,Hewie,hgrattage86@posterous.com,Merida,2025-07-15
296,Teddie,trogger87@columbia.edu,Comrat,2024-04-09
297,Elfrieda,emccurdy88@soup.io,Xinzhai,2026-02-03
298,Bride,btettersell89@blogspot.com,Kasempa,2022-04-21
299,Herrick,hlightman8a@economist.com,Mahekou,2024-01-28
300,Mercedes,mpol8b@dmoz.org,Lamas,2022-12-04
301,Amelia,adumbleton8c@sphinn.com,Young America,2025-05-02
302,Vilma,vgladebeck8d@amazon.com,Adigeni,2023-02-21
303,Sheela,sbriskey8e@de.vu,Candelaria,2025-01-06
304,Veradis,vfilasov8f@thetimes.co.uk,Al Jadīd,2024-06-09
305,Brade,bclausner8g@nytimes.com,Alaghsas,2023-03-19
306,Emerson,eknevet8h@moonfruit.com,Mazyr,2022-08-27
307,Erl,ebywaters8i@google.it,Nove-Misto,2022-12-29
308,Vickie,vtuffell8j@creativecommons.org,Atabayan,2025-10-03
309,Patty,pparncutt8k@discuz.net,Igpit,2023-10-05
310,Brigg,bgoldthorpe8l@nih.gov,Salvacion,2024-05-26
311,Philomena,pcostock8m@ft.com,Gaogu,2025-10-26
312,Dean,djarret8n@eepurl.com,Wuyao,2024-06-01
313,May,mtrapp8o@twitpic.com,Shreveport,2025-09-07
314,Haven,hcoronado8p@eventbrite.com,Losari,2025-04-11
315,Amil,abyart8q@slideshare.net,Yushu,2024-06-03
316,Rolland,romrod8r@reverbnation.com,Bar,2025-03-28
317,Geordie,gbrigg8s@purevolume.com,Chacarita,2025-03-27
318,Nappie,ncosgriff8t@hp.com,Kajaani,2024-03-24
319,Antonino,apietranek8u@elpais.com,Velyki Kopany,2024-04-07
320,Rozelle,rbrignall8v@businessweek.com,Zhongxi,2023-10-05
321,Derwin,ddanniel8w@ucoz.com,Huangkeng,2022-10-07
322,Annadiana,afreeland8x@seattletimes.com,Kapotnya,2025-09-01
323,Warren,wgowling8y@networksolutions.com,Ţūlkarm,2025-01-09
324,Nanice,nronnay8z@time.com,Néos Oropós,2024-08-04
325,Theo,tlantuff90@goodreads.com,Sędziszów,2026-04-07
326,Klarrisa,kcornfield91@over-blog.com,Knoxville,2023-04-17
327,Drake,dwilshin92@pagesperso-orange.fr,Dongchen,2023-03-04
328,Francisca,ffontaine93@globo.com,Oberá,2025-12-21
329,Jobyna,jguillerman94@techcrunch.com,Tabuating,2024-12-25
330,Elicia,etreuge95@ovh.net,Blagoveshchensk,2023-12-13
331,Rudolfo,rtrickey96@vk.com,Pomahan,2024-06-09
332,Brnaby,bbuyers97@un.org,Osveya,2023-01-14
333,Esra,elawleff98@studiopress.com,Cerrillos,2024-10-26
334,Rutger,rlansdown99@vimeo.com,Weiqi,2023-02-25
335,Foster,fattlee9a@instagram.com,Rybnaya Sloboda,2024-10-27
336,Alic,acearley9b@psu.edu,Pavlodol’skaya,2023-03-19
337,Sheilakathryn,sthews9c@aol.com,Stockholm,2022-01-12
338,Geraldine,gharesign9d@toplist.cz,Gaoyang,2023-09-13
339,Elfrida,ehaville9e@weebly.com,Fauske,2026-02-12
340,Flory,fvalder9f@nasa.gov,Jaleswar,2025-08-18
341,Fifine,fhamberston9g@unesco.org,Chengbei,2025-07-23
342,Marchelle,mboule9h@arizona.edu,Karanyowka,2025-10-09
343,Oliviero,omccarlie9i@instagram.com,Horodok,2026-03-11
344,Moshe,minfante9j@ca.gov,Luoping,2022-09-16
345,Bernhard,bdowgill9k@wp.com,Kasama,2023-02-08
346,Willard,wbasham9l@example.com,Usuki,2024-02-11
347,Karie,kfrodsam9m@liveinternet.ru,Lancheng,2024-11-28
348,Rosmunda,rhasling9n@youtu.be,Guling,2024-12-02
349,Pren,pcasero9o@fotki.com,Kuniran,2025-08-24
350,Nikolaus,nemes9p@rambler.ru,Proboštov,2024-09-12
351,Kerrill,kstillwell9q@java.com,Nerekhta,2024-01-15
352,Lois,lstansbie9r@virginia.edu,Mīrābād,2025-11-05
353,Tiffany,tbysh9s@state.tx.us,Kusi,2023-09-02
354,Albert,atilley9t@hc360.com,Pai do Vento,2023-01-18
355,Matty,mmerveille9u@godaddy.com,Adámas,2024-01-09
356,Hubey,htreleaven9v@blog.com,Sirib,2022-08-03
357,Daphne,dgaynor9w@google.ca,Skuodas,2023-04-30
358,Brant,bmafham9x@time.com,Maurole,2026-04-10
359,Moira,mdavaux9y@about.com,Tonghae,2024-12-13
360,Malinde,mconnew9z@wordpress.org,Tambaksari,2024-03-05
361,Lawrence,lunderdowna0@bloglines.com,Alue Glumpang,2023-06-29
362,Saree,starbarda1@technorati.com,Tranca,2022-12-17
363,Aguie,ahanlona2@goo.ne.jp,Marco,2023-09-25
364,Christa,cmoremana3@answers.com,Manggissari,2024-03-31
365,Warren,wsarginsona4@issuu.com,Kokkinóchoma,2022-08-24
366,Alejandrina,abarstowa5@dyndns.org,Segezha,2024-10-12
367,Oliviero,okeighera6@goodreads.com,Badung,2026-02-22
368,Waiter,whasta7@forbes.com,Mikrókampos,2023-08-04
369,Sioux,singlea8@meetup.com,Dugongan,2025-10-21
370,Berkly,blukea9@webs.com,Värmdö,2024-04-17
371,Eva,estentaa@hao123.com,Yanzhou,2022-05-11
372,Anitra,ayvesab@etsy.com,Dukuhpicung,2025-03-10
373,Mina,mwyldboreac@woothemes.com,Chengkou,2023-09-12
374,Jandy,jtidgewellad@nymag.com,Pengchang,2023-10-30
375,Emmerich,eanticae@constantcontact.com,Rio Piracicaba,2024-08-04
376,Cleo,clevingtonaf@seattletimes.com,Śródmieście,2024-09-08
377,Pancho,pplantag@auda.org.au,Pingle,2024-10-12
378,Tuckie,tlalleyah@youtu.be,Abashiri,2022-02-10
379,Guinna,grainsdonai@wordpress.org,Mumen,2022-04-22
380,Giulia,gswiggaj@t.co,Simão Dias,2024-10-23
381,Marnie,medelmannak@google.nl,Mojoroto,2025-02-15
382,Brian,bschmuhlal@paginegialle.it,Shakhun’ya,2023-12-09
383,Marge,mbrawsonam@domainmarket.com,Jiekeng,2025-11-28
384,Clementius,cwhetlandan@slashdot.org,Zwolle,2024-12-08
385,Jacques,jcorteisao@cbslocal.com,Dashtavan,2025-07-08
386,Barri,brubertiap@washington.edu,Pak Kret,2025-09-15
387,Mikol,mandrolliaq@paypal.com,Poděbrady,2024-01-27
388,Maria,mcoonihanar@google.fr,Maebaru,2025-01-16
389,Sarine,scruessas@mayoclinic.com,Shypyntsi,2025-01-10
390,Hussein,hbondat@discuz.net,Calaya,2023-11-18
391,Welbie,wdiggensau@shop-pro.jp,Tengah,2024-10-12
392,Nikola,nbaszkiewiczav@smh.com.au,Kota Kinabalu,2024-07-01
393,George,gdurhamaw@simplemachines.org,Cauto Cristo,2022-01-20
394,Allegra,atunnowax@answers.com,Gangdong,2022-12-08
395,Evelyn,elongmaiday@pcworld.com,Talawakele,2024-01-21
396,Mal,mitteraz@ca.gov,Zhongdeng,2025-04-25
397,Verene,vglamartb0@infoseek.co.jp,Juexi,2025-09-02
398,Maribelle,mflellob1@weather.com,Padre Burgos,2022-12-21
399,Cindie,cchandlarb2@virginia.edu,Gandusari,2024-08-12
400,Murdock,mwinklessb3@blinklist.com,Kurów,2022-01-18
401,Ema,enelthorpb4@slideshare.net,Kompaniyivka,2024-05-27
402,Duffie,dgummerb5@nature.com,Zhongzhai,2024-06-09
403,Jaquenetta,jklauerb6@home.pl,Loureiro,2022-05-17
404,Bernette,bbonnetteb7@tamu.edu,Dongqiao,2023-03-12
405,Dilly,dventonb8@nasa.gov,Chengshan,2023-01-28
406,Kiel,kheffernonb9@google.de,Arcangel,2024-03-10
407,Berkley,bbowleba@go.com,Paris 03,2023-03-28
408,Malorie,mwyssbb@plala.or.jp,Lensk,2024-12-07
409,Hobie,helmerbc@salon.com,Jāmpur,2026-03-08
410,Eve,edewhirstbd@istockphoto.com,Huangliang,2025-05-29
411,Malissia,mconquerbe@google.com.br,Gedangan,2024-06-16
412,Susann,sicombf@fda.gov,Shënmëri,2025-07-12
413,Walton,wpersianbg@posterous.com,Skoghall,2022-07-28
414,Dennison,dcranstounbh@hatena.ne.jp,Gobang,2022-05-14
415,Alis,avaissierebi@google.es,Francisco Sarabia,2023-05-03
416,Katrina,kgallymorebj@ehow.com,Orlando,2024-07-18
417,Meriel,mosbidstonbk@diigo.com,Ljutomer,2025-01-17
418,Oliy,oskermerbl@wordpress.com,San Vicente,2022-05-10
419,Stanton,schinabm@wikipedia.org,Lajeado,2022-05-21
420,Gibbie,ghoudhurybn@auda.org.au,Suugaant,2024-01-23
421,Ferdie,fpagetbo@example.com,Mugala,2026-03-25
422,Huntley,hedlerbp@google.co.jp,Huangpo,2022-06-18
423,Reyna,rouldcottbq@so-net.ne.jp,Arcos,2025-02-18
424,Micheline,mshropsheirbr@flickr.com,Kalamangog,2022-11-25
425,Arte,areginabs@springer.com,Trondheim,2023-08-05
426,Chad,cingletonbt@state.gov,Malino,2024-05-12
427,Ricoriki,rkubikbu@ted.com,Karakol,2025-02-20
428,Bab,bdunmorebv@plala.or.jp,Beixinjie,2025-04-11
429,Ginevra,gstopherbw@mit.edu,Hullo,2024-04-19
430,Obed,othunnerclefbx@soup.io,Niopanda,2025-10-01
431,Drud,dkirkpatrickby@ed.gov,Carletonville,2025-06-13
432,Abner,awolfendenbz@xing.com,Heemskerk,2026-01-16
433,Delcine,dmcelmurrayc0@miitbeian.gov.cn,Pokhvistnevo,2024-12-18
434,Celisse,cargontc1@artisteer.com,Longquan,2025-09-26
435,Loralie,lpetegrec2@blinklist.com,Bárrio,2026-04-02
436,Kathye,kparmerc3@dailymotion.com,Ikhtiman,2024-07-03
437,Gabey,gweabenc4@netlog.com,Huaguo,2025-04-10
438,Giulio,groec5@skype.com,Jiangya,2025-12-24
439,Frannie,fmacloughlinc6@smugmug.com,Warungbuah,2023-07-14
440,Goddart,gbernadotc7@mapy.cz,Kuningan,2023-02-15
441,Ev,ecrambc8@theglobeandmail.com,Nonsan,2023-10-15
442,Boothe,bbrawleyc9@examiner.com,Leninskiy,2025-04-09
443,Jacky,jfoulksca@icio.us,Datartua,2025-10-01
444,Elvis,enewardcb@live.com,Santulhão,2025-06-08
445,Corina,comearacc@phpbb.com,Lephalale,2022-09-07
446,Rosana,rdanielskicd@blogspot.com,Bulongji,2023-12-18
447,Melisandra,mtomczykowskice@npr.org,Nonghe,2023-07-03
448,Pembroke,pheepscf@unesco.org,Hưng Nguyên,2026-04-03
449,Vita,vnaylorcg@accuweather.com,Al Qūşīyah,2024-07-05
450,Reese,rmeoch@yolasite.com,Qiaolin,2022-08-10
451,Trixy,tgrogerci@bigcartel.com,Alah Sāy,2022-05-14
452,Davy,dbouchcj@fc2.com,Chenyangzhai,2024-04-05
453,Helena,hphilliskirkck@1und1.de,San Francisco,2022-01-15
454,Madlin,mcaresscl@businessweek.com,Maesan,2023-11-15
455,Francesca,fseabrockecm@mapy.cz,Binagadi,2022-08-11
456,Stanfield,sdehmcn@upenn.edu,Zhaobaoshan,2025-04-13
457,Hazel,hokendenco@shop-pro.jp,Baliuag Nuevo,2025-01-22
458,Cordelie,croddcp@un.org,Eskilstuna,2024-05-02
459,Dino,dkaublecq@vkontakte.ru,Somba,2023-02-22
460,Yorgo,yoffillcr@google.com.hk,Tonj,2023-06-12
461,Natalina,nsabbancs@nba.com,Veisiejai,2025-11-26
462,Amalita,asnaselct@irs.gov,Piraju,2025-12-18
463,Coral,cspickcu@shinystat.com,Dmitriyevka,2024-03-16
464,Fern,fmangeoncv@privacy.gov.au,Bourges,2026-03-22
465,Joellen,jwalkleycw@ucsd.edu,Bagusan,2023-11-11
466,Curr,cindercx@ucla.edu,Severoural’sk,2022-07-31
467,Zolly,zmattssoncy@pbs.org,Payaman,2024-03-13
468,Katy,kjakabcz@cocolog-nifty.com,Krapina,2023-04-04
469,Nari,nwilbored0@xinhuanet.com,Tsotsin-Yurt,2025-11-20
470,Myer,mradkid1@yale.edu,Xiangcunxiang,2022-10-17
471,Cherish,cguisbyd2@storify.com,Xiaxihao,2022-05-16
472,Jourdain,jarmand3@pen.io,Yershov,2023-06-13
473,Gaye,gnorcottd4@mozilla.org,Shaxi,2024-05-22
474,Ford,fallcottd5@bravesites.com,Yasugichō,2024-01-17
475,Saw,sdymondd6@privacy.gov.au,Oklahoma City,2024-03-24
476,Elfie,evallenderd7@imdb.com,Greater Napanee,2022-07-13
477,Suzanne,sandrzejakd8@lulu.com,Koło,2022-10-21
478,Ody,oeytond9@google.fr,Sotnikovskoye,2025-02-05
479,Cacilia,cchristophersonda@gravatar.com,Cachí,2022-05-06
480,Gran,gwitherdb@wikia.com,Yukhnov,2026-04-16
481,Ekaterina,erankcomdc@flavors.me,Jatinagara Kulon,2023-06-11
482,Joya,jpassfielddd@discuz.net,Vista Hermosa,2023-07-22
483,Julio,jbrimilcomede@unesco.org,Jiangkouxu,2025-04-05
484,Pinchas,pkiltiedf@bigcartel.com,Badīn,2024-11-07
485,Mella,mlicciardiellodg@ning.com,Jobabo,2024-11-30
486,Charmane,cdunydh@amazon.de,Łużna,2025-06-20
487,Hadley,hcelezdi@tuttocitta.it,Lazaro Cardenas,2024-08-22
488,Ollie,odressedj@foxnews.com,Velyki Mezhyrichi,2026-03-24
489,Kylynn,klillowdk@ted.com,Xin’an,2024-04-25
490,Lawton,lyoskowitzdl@princeton.edu,Tanggulangin,2024-09-14
491,Hebert,hbrydedm@goodreads.com,Tournan-en-Brie,2025-07-28
492,Cherin,cattarddn@slate.com,Kargasok,2023-12-20
493,Marci,mpolldo@google.cn,Arrabal,2024-04-26
494,Magdalen,mcamilidp@cisco.com,San Antonio,2024-12-15
495,Addi,aheadondq@slate.com,Rawa,2022-12-16
496,Padgett,pgittingdr@msu.edu,Chavusy,2025-01-01
497,Maddie,msidonds@hatena.ne.jp,Elato,2022-05-23
498,Craggy,cnisbithdt@alibaba.com,Lengor,2024-05-31
499,Vanda,vgrishukovdu@sitemeter.com,Áthyra,2025-02-28
500,Husein,hputtergilldv@angelfire.com,Junín,2025-08-19
501,Delainey,dilievedw@jigsy.com,Anna Regina,2024-09-29
502,Hilly,hsandyfirthdx@sakura.ne.jp,Ngora,2024-11-11
503,Kev,klatedy@latimes.com,Ciranca Satu,2022-07-21
504,Vivia,vpietridz@nsw.gov.au,Choma,2025-04-27
505,Odelia,orubie0@weibo.com,Gushan,2023-10-01
506,Jordain,jyarrantone1@1und1.de,Khvatovka,2025-05-27
507,Syman,stidbolde2@phpbb.com,San Narciso,2024-03-06
508,Brook,bcollerane3@nature.com,Gaopu,2024-10-21
509,Tome,ttaltone4@parallels.com,Obiaruku Quarters,2025-10-28
510,Amble,adifrancescoe5@1und1.de,Tawau,2024-04-16
511,Madelina,mfydoee6@smh.com.au,Bojongaren,2023-12-26
512,Tracie,teunsone7@amazonaws.com,Dengzhou,2023-09-11
513,Peter,psjostrome8@cam.ac.uk,Checca,2022-10-02
514,Bonny,bslavine9@accuweather.com,Kasungu,2023-04-18
515,Morrie,macostaea@weebly.com,Shuangta,2022-11-21
516,Livvy,lcowherdeb@boston.com,Pawili,2025-07-31
517,Philly,pkusickec@wunderground.com,Gustavsberg,2025-11-13
518,Eran,eharomeed@theatlantic.com,Lame,2022-10-01
519,Coralie,cjaymeee@goodreads.com,Masaki-chō,2025-03-31
520,Ev,esoldief@vistaprint.com,Thị Trấn Mỹ Lộc,2023-11-30
521,Trumaine,tvergineeg@jimdo.com,Hrušica,2024-01-08
522,Jephthah,jjoliffeeh@xinhuanet.com,Qinling Jieban,2026-03-03
523,Gerta,gmacgaffeyei@vistaprint.com,Tayuan,2022-04-05
524,Kylie,knelesej@cpanel.net,Settat,2022-10-02
525,Patrice,pwhiterodek@yelp.com,Araal,2026-03-25
526,Dewitt,ddelaprelleel@myspace.com,Al Kiswah,2025-10-02
527,Marcella,mmcgillivrieem@webnode.com,Baní,2025-01-09
528,Katy,klemanuen@pbs.org,Berlin,2023-03-08
529,Stillmann,smorseeo@slate.com,Isiolo,2025-07-10
530,Abran,aanandep@creativecommons.org,Albania,2023-05-14
531,Nelle,neasterfieldeq@oracle.com,Paitan Norte,2022-05-16
532,Moritz,msollamer@aboutads.info,Aizi,2025-10-26
533,Ondrea,oflinderses@github.io,Kauniainen,2025-07-13
534,Tandie,tmillet@wunderground.com,Socabaya,2023-07-31
535,Noby,nfolkeseu@usnews.com,Faaone,2024-07-29
536,Maje,mfellmanev@walmart.com,Gaoshan,2022-07-26
537,Libby,lhousleyew@google.it,Limín Khersonísou,2024-05-10
538,Drusie,dalchinex@youtu.be,Jiuhu,2025-05-21
539,Teodoro,tmactrustamey@barnesandnoble.com,Keren,2024-02-14
540,Lynnell,lgawthropeez@domainmarket.com,Bajiazi,2023-10-12
541,Arabel,ailyenkof0@cafepress.com,Tabunok,2023-10-27
542,Kattie,ksearf1@unicef.org,Selaphum,2025-01-07
543,Xever,xhaddingtonf2@storify.com,Carvalhal,2023-07-22
544,Bar,bvendittof3@wikipedia.org,Kedungtaman,2024-04-09
545,Merell,mlehucquetf4@ocn.ne.jp,Ku‘aydinah,2025-05-17
546,Dinnie,dgeraudelf5@netlog.com,Maputsoe,2024-01-06
547,Mabel,mcessf6@businesswire.com,Złotniki Kujawskie,2022-09-08
548,Xaviera,xpynnerf7@com.com,Osasco,2022-02-11
549,Robby,rhedneyf8@shop-pro.jp,Tapes,2025-03-26
550,Ringo,rpellattf9@guardian.co.uk,Shchastya,2026-01-18
551,Martainn,mbarleefa@ed.gov,Bruxelles,2025-01-29
552,Glenine,gdavidsohnfb@parallels.com,Barueri,2025-05-26
553,Abelard,ahoulworthfc@hp.com,Xianning,2025-10-24
554,Brandais,bbruggemanfd@earthlink.net,Pogonsili,2026-04-09
555,Kim,kbuckhamfe@msu.edu,Kiukasen,2022-03-18
556,Adan,aswitzerff@dagondesign.com,Kanada,2022-04-26
557,Cyb,cgerinfg@about.com,Pefkochóri,2023-05-23
558,Cyndi,cismailfh@pen.io,Longquan,2024-10-20
559,Georgianne,grosenwasserfi@yelp.com,Alma,2024-10-02
560,Reagen,ritzkovfj@weebly.com,Maranganí,2023-06-17
561,Cynthy,csaddingtonfk@github.io,Santo Anastácio,2026-04-08
562,Cindee,ccharopenfl@comcast.net,Mucifal,2025-02-11
563,Ivy,ibrittfm@nih.gov,Kayunga,2025-09-23
564,Scottie,sseeleyfn@aol.com,Krasnyy Oktyabr’,2023-04-13
565,Haskel,hdevonportfo@liveinternet.ru,Föglö,2022-09-16
566,Joy,jdoersfp@dyndns.org,Presidente Venceslau,2023-10-15
567,Gaspar,gborrowsfq@usgs.gov,Sandefjord,2025-08-01
568,Dorthea,dspinleyfr@usda.gov,Ganxi,2023-05-31
569,Heywood,hpeskinfs@un.org,Qinxi,2024-02-10
570,Tamra,tirnisft@usa.gov,Tha Muang,2023-06-24
571,Valma,vgenteryfu@twitpic.com,Huilong,2023-01-12
572,Geraldine,gcodlinfv@msn.com,Girón,2023-05-29
573,Charley,clandsbergfw@wiley.com,Shilovo,2023-10-03
574,Alane,ajakoubfx@examiner.com,Olhão,2025-11-24
575,Marlowe,mmilesfy@dell.com,Pleszew,2024-02-06
576,Derrik,dquarlessfz@tinyurl.com,Tchaourou,2023-11-05
577,Ediva,edeemingg0@cmu.edu,Kobryn,2023-09-03
578,Kari,klenihang1@ifeng.com,Ordzhonikidzevskiy,2024-12-22
579,Nichole,nbertolaccinig2@spotify.com,Licheng,2025-05-06
580,Kendrick,kmaidlowg3@meetup.com,Dal’neye Konstantinovo,2023-12-17
581,Phedra,ppoyntzg4@4shared.com,Pervoural’sk,2023-01-09
582,Chicky,cbwyeg5@mapy.cz,Chŏngju,2025-06-15
583,Oliver,osmidmoreg6@google.de,Chalandrítsa,2024-08-26
584,Constantine,cfairleighg7@bloglovin.com,Birmingham,2023-11-11
585,Meir,mholttomg8@cloudflare.com,Jaguimitan,2024-05-19
586,Ezekiel,eeloig9@statcounter.com,Sierakowice,2024-04-18
587,Andeee,asparhawkga@china.com.cn,Kamifukuoka,2022-10-08
588,Domenic,dsoutargb@thetimes.co.uk,Matsushima,2026-04-04
589,Sergio,swhylergc@tinypic.com,Montpellier,2022-09-28
590,Chrisy,cgobatgd@statcounter.com,Pittsburgh,2024-06-08
591,Fabian,fromige@wufoo.com,Cowansville,2026-03-08
592,Abbot,acorssengf@google.com,Mariel,2022-02-01
593,Whit,wsentongg@dagondesign.com,Hujiaying,2024-04-22
594,Wilow,wmaroneygh@toplist.cz,El Agua Dulcita,2025-12-18
595,Glenn,ggossagegi@example.com,Fengjiang,2026-04-08
596,Sharyl,srogersgj@facebook.com,Matsumoto,2024-02-26
597,Rene,rlombardogk@tripadvisor.com,Zuénoula,2023-04-08
598,Viva,vronaldsongl@ifeng.com,Margaharja,2024-10-28
599,Othilie,oivankingm@mapquest.com,Ya’ngan,2024-11-07
600,Dena,djeandeaugn@bbb.org,Dicamay,2022-02-01
601,Simonne,sjoretgo@soundcloud.com,Maying,2023-07-26
602,Desiree,dhalleybonegp@rediff.com,Itapissuma,2025-09-03
603,Jecho,jeneasgq@yolasite.com,Yuty,2022-02-12
604,Ivory,iduckersgr@businesswire.com,San Agustín,2022-11-09
605,Jehu,jsutherleygs@skyrock.com,Porlamar,2025-05-22
606,Arlen,aperratgt@whitehouse.gov,Yanshi,2022-12-03
607,Egor,emonksgu@elegantthemes.com,Wŏnsan,2025-12-31
608,Sherrie,sschwandnergv@baidu.com,Hiji,2025-08-27
609,Blanch,bdillinghamgw@aol.com,Paris 17,2023-02-02
610,Yoko,yoharagx@posterous.com,Stockholm,2025-06-17
611,Emmeline,erizzelligy@pen.io,Pyapon,2022-06-27
612,Mada,mkenningtongz@multiply.com,Crumlin,2025-06-18
613,Isiahi,iskeermerh0@pcworld.com,Ambunti,2023-11-08
614,Petronella,pdashh1@desdev.cn,Xinpo,2024-11-04
615,Royal,rdykah2@cloudflare.com,Florencia,2022-10-29
616,Marlo,mrutleyh3@scientificamerican.com,Lawdar,2026-01-01
617,Kelbee,kdenseyh4@discovery.com,Tanggung,2023-09-07
618,Oliviero,ohasneyh5@apple.com,Jangkungkusumo,2023-12-22
619,Valle,vheaphyh6@live.com,Sanxing,2025-05-23
620,Rhianon,rhobberth7@alibaba.com,Nesovice,2025-07-13
621,Harrietta,hkitchinghamh8@dropbox.com,Qijing,2026-03-15
622,Kaleb,ksidebottonh9@cyberchimps.com,Toledo,2024-12-04
623,Layne,lbrettelleha@salon.com,Mae Ramat,2023-03-15
624,Zed,zbrazurhb@blinklist.com,Nancun,2024-11-01
625,Ally,aclarehc@livejournal.com,Cikiwul Satu,2025-01-16
626,Ches,cfackneyhd@house.gov,Albacete,2025-03-04
627,Nevsa,nwhettletonhe@naver.com,Banraeaba Village,2022-05-21
628,Hailee,hvysehf@facebook.com,Nnewi,2023-10-09
629,Claiborne,cgorthyhg@qq.com,Okinawa Número Uno,2026-01-27
630,Emelita,esavillhh@illinois.edu,Canguaretama,2024-01-17
631,Shae,swadiehi@unicef.org,Duowa,2025-02-22
632,Aloysia,amacquisthj@goodreads.com,Babah Rot,2025-10-27
633,Alyss,atuxsellhk@weather.com,Guapi,2024-02-06
634,Damien,drouselhl@dropbox.com,Accha,2024-07-16
635,Arabelle,abrunskillhm@theglobeandmail.com,Dungon,2022-05-07
636,Celine,cjestyhn@sphinn.com,Berdyans’k,2023-01-07
637,Davidson,dtofftsho@go.com,Esteio,2022-05-10
638,Bailey,bpippardhp@xrea.com,Kebili,2022-09-11
639,Rhodia,rmatchamhq@china.com.cn,Kuncen,2024-05-28
640,Vinni,vpettiwardhr@comcast.net,Tiecun,2025-08-05
641,Agosto,achastelhs@ucoz.ru,Belovo,2024-11-19
642,Babita,bnattht@cam.ac.uk,Kuressaare,2025-04-05
643,Averil,acobboldhu@nytimes.com,Daxing,2025-03-23
644,Elisa,eberthhv@comsenz.com,Embajador Martini,2024-11-13
645,Bealle,bridgehw@wordpress.org,Verrettes,2022-06-22
646,Layne,lholleranhx@paginegialle.it,Al Mālikīyah,2023-07-29
647,Harriot,hreesonhy@state.gov,Quintela,2023-01-26
648,Carrissa,cloosmorehz@theguardian.com,Lindi,2023-11-17
649,Garrick,geyrei0@shutterfly.com,Aktau,2022-03-13
650,Marietta,mgallihawki1@dot.gov,Bandar Pusat Jengka,2022-06-22
651,Joly,jhritzkoi2@redcross.org,Barinitas,2024-06-08
652,Ailsun,agardineri3@ustream.tv,Potou,2022-07-06
653,Isadore,iblunei4@google.com.br,Shchëkino,2024-09-14
654,Purcell,pdessanti5@mlb.com,Ziftá,2025-12-31
655,Jennette,jdorrinsi6@infoseek.co.jp,Rancapanjang,2023-08-22
656,Aggie,acolquerani7@wix.com,Al Midyah,2022-11-04
657,Johnathan,jandreyi8@youku.com,Al Baqāliţah,2024-03-27
658,Joeann,jlefrieci9@dailymotion.com,Cingambul,2024-02-25
659,Stacy,ssinyardia@unesco.org,Rennes,2024-12-03
660,Lelah,lskiltonib@ehow.com,Los Cedrales,2023-11-13
661,Myca,mrefordic@yahoo.co.jp,Novomoskovsk,2025-09-10
662,Giffer,gfoxonid@cbslocal.com,Ninh Hòa,2024-04-23
663,Horacio,hbenamie@ibm.com,Kaseda-shirakame,2025-03-25
664,Cynthea,cedinboroif@hc360.com,Montague,2023-04-13
665,Elton,ezaniniig@tiny.cc,San Guillermo,2023-03-21
666,Ludwig,lgillebrideih@sciencedaily.com,Sumberwaru,2024-03-04
667,Sheridan,svaneschiii@sun.com,Cergy-Pontoise,2022-11-06
668,Zachery,zvearsij@jiathis.com,Jiguan,2024-11-14
669,Emlen,elugardik@jimdo.com,Montauban,2025-04-05
670,Elvera,ederlil@fema.gov,Campor,2024-06-01
671,Freedman,fshalcrasim@youku.com,Yecun,2023-04-29
672,Pip,pvasyatkinin@hhs.gov,Salzburg,2023-01-03
673,Pauline,pradishio@bloglovin.com,Kapenguria,2025-11-24
674,Sheri,spondip@scientificamerican.com,Kampinos,2023-12-03
675,Vance,vpaffettiq@guardian.co.uk,Kikuchi,2025-10-19
676,Jacquette,jdubbleir@ibm.com,Zhongshan,2024-04-06
677,Sammy,sbranchis@mozilla.com,Vermelha,2023-10-11
678,Terrel,tmandalit@prweb.com,Bilyarsk,2024-06-27
679,Kelsy,kbasantiu@1und1.de,Caohezhang,2025-01-04
680,Kaylil,kharrapiv@ebay.co.uk,Thị Trấn Mường Tè,2024-08-30
681,Liva,lbenoisiw@apple.com,Dongjiao,2024-02-04
682,Linn,lbarefordix@topsy.com,Las Matas de Farfán,2025-01-25
683,Gerrie,gsapsfordeiy@google.co.jp,Kolomyya,2024-09-26
684,Marshal,mroseamaniz@sciencedaily.com,Xiaolan,2022-03-04
685,Gallagher,givaninj0@xinhuanet.com,Ankou,2022-10-16
686,Katherine,khaselyj1@europa.eu,Qijiang,2022-04-14
687,Katya,kbarnevillej2@typepad.com,Kozloduy,2025-02-06
688,Loni,lwolversonj3@miitbeian.gov.cn,Nakhon Si Thammarat,2022-02-04
689,Hyatt,hkorbaj4@pcworld.com,Qümong,2025-03-09
690,Barnie,bconneauj5@paypal.com,Cabreúva,2023-05-09
691,Abel,apattrickj6@taobao.com,Mozhong,2024-11-22
692,Egbert,epatridgej7@slideshare.net,Parakou,2024-01-02
693,Berry,bhutchcraftj8@google.com,Toulouse,2025-06-03
694,Bonnibelle,bbenjefieldj9@usgs.gov,Plesná,2022-01-19
695,Renee,rreddieja@blogger.com,Şūrān,2025-03-01
696,Gerardo,gantoniazzijb@pen.io,Saint-Denis,2024-07-23
697,Humphrey,howtramjc@pbs.org,Gorodets,2023-10-11
698,Gerda,gspinkjd@mapquest.com,Qalaikhumb,2025-05-30
699,Alic,asteeplesje@sbwire.com,Kimito,2025-10-06
700,Winnifred,wschankelborgjf@topsy.com,Cumba,2025-03-25
701,Arturo,aveldmanjg@php.net,Hexi,2025-08-21
702,Ddene,dallabushjh@washington.edu,Beishan,2025-10-10
703,Thomas,tdonisiji@sakura.ne.jp,Xinyang,2024-11-17
704,Laurens,lboottonjj@sourceforge.net,Cihideung Satu,2022-01-22
705,Felisha,fsimiolijk@purevolume.com,Łęki,2023-08-22
706,Brigid,bwreathjl@dailymail.co.uk,Sincelejo,2025-03-10
707,Chev,ctrappjm@booking.com,Huangdu,2022-05-12
708,Rozele,rlinsayjn@mozilla.com,Hong Kong,2023-06-09
709,Addie,amittenjo@businesswire.com,Khvalovo,2023-01-01
710,Teresina,tjoirisjp@jigsy.com,Aketi,2025-04-19
711,Britney,bayrsjq@arizona.edu,Smederevo,2022-01-30
712,Xenos,xlongmatejr@dyndns.org,Nirji,2023-07-07
713,Duffie,demmsjs@vinaora.com,Corral de Bustos,2024-01-10
714,Gilberto,gwynessjt@arstechnica.com,Palauig,2024-11-07
715,Alfonse,ahakonsenju@forbes.com,Trinidad,2022-06-02
716,Agnella,akytejv@vimeo.com,Bayan Uula Sumu,2023-05-24
717,Walden,wschwanderjw@diigo.com,Federal,2023-04-28
718,Marie,mtoppinjx@dedecms.com,Bīr Zayt,2023-12-16
719,Miriam,mstalleyjy@ifeng.com,Baota,2022-03-27
720,Bradly,bsantostefanojz@altervista.org,Rennes,2024-06-21
721,Byrom,brottenburyk0@hostgator.com,Gościeradów,2025-11-22
722,Jerrold,jplankk1@biglobe.ne.jp,Tha Maka,2022-04-15
723,Brade,bnibleyk2@sogou.com,Ufa,2022-01-13
724,Daphna,dhaldenbyk3@people.com.cn,Cachí,2025-11-18
725,Fleming,fwigsellk4@nasa.gov,Blyznyuky,2024-11-04
726,Jethro,jlastek5@newsvine.com,Voskresensk,2025-03-26
727,Melanie,mpetriek6@cdbaby.com,Manukaka,2026-02-04
728,Melinda,mgillivriek7@cyberchimps.com,Nhà Bè,2022-10-11
729,Sarah,sduncank8@prweb.com,Kumla,2023-09-21
730,Kaia,kkrugmannk9@cam.ac.uk,Mejdan - Obilićevo,2024-03-26
731,Lainey,lbrunickeka@cargocollective.com,Sirāhā,2022-04-06
732,Dionis,dbottjerkb@indiatimes.com,Oliveira de Frades,2024-06-03
733,Wallis,wlomaskc@amazon.com,Yataity del Norte,2022-08-20
734,Louisette,lwychekd@tumblr.com,Kamuli,2023-12-18
735,Andre,alumblyke@discuz.net,Deán Funes,2022-10-21
736,Chas,cglitherowkf@independent.co.uk,Curvelo,2025-06-08
737,Jacquelyn,jdaltreykg@stumbleupon.com,Xinshi,2025-02-22
738,Sky,sbywaterskh@whitehouse.gov,Homa Bay,2025-03-16
739,Ynez,ysteerski@i2i.jp,Huanggong,2024-02-08
740,Baxter,bsideskj@mozilla.org,Qiping,2022-02-16
741,Rodney,rkinchkk@bizjournals.com,Montpellier,2024-06-16
742,Serena,sklausenkl@umich.edu,Jayawangi,2026-03-19
743,Monah,mtrankkm@photobucket.com,Santa Cruz de Guacas,2024-06-30
744,Myrah,mveldenskn@state.tx.us,Reston,2024-05-23
745,Gal,gmaruszewskiko@disqus.com,Vladikavkaz,2023-04-08
746,Fidela,fagirrekp@yellowpages.com,Jāsim,2026-04-07
747,Tiffany,tnewbattkq@nhs.uk,Charlotte,2023-03-31
748,Shannen,skingekr@mapquest.com,Magdalena,2023-03-07
749,Gussy,gpynnks@devhub.com,Bzou,2023-10-10
750,Ceciley,cgallantkt@samsung.com,Nyima,2023-10-06
751,Melba,mmochanku@ebay.com,Karangpawitan,2022-06-15
752,Lian,llothlorienkv@twitpic.com,Tumen,2025-04-18
753,La verne,ljosiahkw@mayoclinic.com,Pahing Jalatrang,2022-12-29
754,Idette,itrusskx@ask.com,Round Rock,2024-06-17
755,Roland,rdolligonky@acquirethisname.com,Jadowniki,2025-06-27
756,Dagny,ddeekskz@google.com,Añatuya,2023-02-18
757,Loreen,lradwelll0@blogtalkradio.com,Toulon,2025-04-07
758,Austine,ahirsthousel1@skyrock.com,San Diego,2022-12-31
759,Erin,ehrachovecl2@ibm.com,Jinta,2025-05-20
760,Gale,ggittensl3@acquirethisname.com,Sieniawa Żarska,2025-03-12
761,Kingston,ktofaninil4@prlog.org,Essen,2024-12-11
762,Clemmy,cmoensl5@elegantthemes.com,Novokhovrino,2024-06-10
763,Franklin,fdungel6@uiuc.edu,Koreiz,2023-10-04
764,Holly,helsegoodl7@aol.com,Khemisset,2025-04-13
765,Alidia,acouchel8@wordpress.com,Wrocław,2024-02-08
766,Lara,lmckeneyl9@icio.us,Zamora,2022-11-07
767,Pasquale,pwetwoodla@infoseek.co.jp,Gegu,2026-03-31
768,Rhody,rsheircliffelb@discuz.net,Kiukasen,2022-08-25
769,Wynny,wluxlc@photobucket.com,Diaofeng,2022-01-19
770,Chrysler,cbruckshawld@myspace.com,Poříčí nad Sázavou,2025-09-19
771,Jenifer,jdragele@edublogs.org,Bhawāna,2022-04-17
772,Guillemette,gzorzettilf@aol.com,Plottier,2022-11-28
773,Myriam,mscothornlg@clickbank.net,Żernica,2025-10-17
774,Adrianne,agraingelh@economist.com,Mercier,2025-04-09
775,Abigael,apeintonli@java.com,Xincheng,2025-06-13
776,Norris,nbrislanelj@google.ca,Achada,2023-04-17
777,Mavis,mtinnerlk@ow.ly,Ichnya,2023-02-20
778,Katine,kjobinll@forbes.com,Sidi Bousber,2024-09-03
779,Belia,bcoverlylm@unicef.org,Huagu,2024-08-21
780,Nicky,nmizenln@mapy.cz,Limbangan,2023-08-09
781,Orland,ogerauldlo@wix.com,Busalangga,2024-01-04
782,Belvia,bbileslp@blinklist.com,Pianbai,2022-11-03
783,Edee,ejanczaklq@usgs.gov,Isiro,2022-02-26
784,Rutter,rbrandsenlr@intel.com,Oklahoma City,2025-03-03
785,Allard,aiddonls@oaic.gov.au,Xiaba,2024-04-29
786,Luella,lrapleylt@flickr.com,Kokagax,2023-01-16
787,Mar,mpickerinlu@zimbio.com,‘Abbāsābād,2022-10-17
788,Janella,jrainslv@yandex.ru,Njurunda,2023-09-03
789,Wyatt,wlukasenlw@yellowbook.com,Miskolc,2025-01-05
790,Konstanze,kmcnamaralx@webnode.com,Nagrog,2023-10-07
791,Caesar,cgillisely@cam.ac.uk,Ypacarai,2022-05-06
792,Cathie,cokelllz@zimbio.com,Guishan,2022-04-07
793,Nannette,nlockyerm0@webmd.com,Minggang,2022-05-28
794,Yvette,yshackeltonm1@sourceforge.net,Longyuanba,2026-04-16
795,Kane,kdudlestonem2@sourceforge.net,Moravče,2025-12-29
796,Stan,sgoodbournm3@homestead.com,Vavoua,2024-08-14
797,Gilbertina,gfarncombem4@list-manage.com,Keputran,2024-09-14
798,Quent,qliddonm5@adobe.com,Novokizhinginsk,2023-02-03
799,Caren,cperigoem6@hugedomains.com,Citeureup,2024-05-21
800,Shawn,spedwellm7@salon.com,Cibinong,2022-11-08
801,Sloan,scromiem8@princeton.edu,Petropavlovsk,2024-03-12
802,Claybourne,cwoolvinm9@purevolume.com,Betim,2024-12-10
803,Wallis,wpristnorma@mashable.com,Karangnongko,2023-07-20
804,Marrilee,msellickmb@sourceforge.net,Stare Kurowo,2026-03-16
805,Roz,rsussansmc@wiley.com,Honglu,2023-02-22
806,Archibald,asnalummd@hao123.com,Londiani,2024-05-19
807,Belvia,bbowermanme@canalblog.com,Serra da Silveira,2023-06-03
808,Elsy,edotterillmf@google.ru,Ḏânan,2025-03-30
809,Ody,obodleighmg@imageshack.us,Clervaux,2022-05-22
810,Craggie,clammertmh@ucoz.com,Logroño,2022-10-12
811,Neddy,nshoriemi@nytimes.com,Masinloc,2022-10-20
812,Marline,mpetracchimj@webnode.com,Aglalana,2025-03-06
813,Justino,jpowdrillmk@canalblog.com,Vällingby,2025-03-09
814,Stephani,sgryglewskiml@ox.ac.uk,Sendangagung,2025-02-13
815,Miller,mlyndemm@europa.eu,Monte Agudo,2023-01-15
816,Genevieve,grehnmn@usatoday.com,El Benque,2025-05-29
817,Crystal,ctertremo@cafepress.com,Azul,2022-06-23
818,Vanya,vcadanymp@merriam-webster.com,San Nicolás,2025-11-09
819,Nona,nheadeymq@oaic.gov.au,Yizhang Chengguanzhen,2025-03-31
820,Aristotle,agowenmr@artisteer.com,Penghua,2024-12-05
821,Cammy,cackredms@nydailynews.com,Älvsjö,2025-12-18
822,Ode,ofridlingtonmt@walmart.com,Port Antonio,2025-03-02
823,Jordan,jbrimacombemu@goodreads.com,Calango,2025-02-03
824,Reuven,radolphinemv@blogspot.com,Kahama,2026-03-26
825,Becca,babelsonmw@github.io,Jutrosin,2022-12-14
826,Thurstan,tmuzzlewhitemx@pinterest.com,Aţ Ţurrah,2024-07-19
827,Ronna,rweatherhoggmy@sun.com,El Banco,2025-01-11
828,Dynah,dcrowhurstmz@tamu.edu,Dukuhsawah,2023-02-14
829,Anselm,aconduitn0@twitter.com,Plewiska,2024-12-22
830,Feliza,fdrewn1@bing.com,Shuitai,2023-08-19
831,Jefferson,jleathersn2@netscape.com,Dubovka,2025-01-21
832,Marne,msutliffn3@reuters.com,Próchoma,2022-10-26
833,Sherri,smullern4@wufoo.com,Besko,2025-11-08
834,Jdavie,jblennerhassettn5@guardian.co.uk,Heiiyugou,2024-10-20
835,Neddy,nwillicottn6@bloomberg.com,La Paz Centro,2023-10-05
836,Gwendolin,gjigginsn7@1und1.de,Ruilin,2024-08-12
837,Damian,dgrundelln8@godaddy.com,Yonghe,2022-08-15
838,Clemens,cstammern9@hexun.com,Toritama,2022-09-11
839,Dorthea,dspinckena@biblegateway.com,Muting,2025-09-20
840,Nicholle,nseekingsnb@ucoz.com,Queimados,2024-01-18
841,Jeanelle,jheldernc@blinklist.com,Hengshui,2024-12-21
842,Nyssa,nrollingsnd@homestead.com,Jeding,2023-11-15
843,Allegra,asaffenne@sciencedaily.com,Na Thawi,2026-01-27
844,Addia,asustonnf@thetimes.co.uk,Coro,2023-10-26
845,Kizzee,kwardenng@craigslist.org,Skolkovo,2025-05-07
846,Mariann,mbatallenh@ed.gov,Stepnogorsk,2023-02-09
847,Malcolm,mferridayni@issuu.com,Skýros,2026-04-08
848,Rockie,rrougiernj@myspace.com,Rodas,2024-11-28
849,Sella,sraubenheimnk@oracle.com,Chixi,2022-02-21
850,Jeno,jlongthornenl@mtv.com,Montes,2022-06-14
851,Van,vchristophernm@eepurl.com,Dianzi,2024-11-28
852,Merrill,mficklingnn@live.com,Qingyang,2024-12-15
853,Gui,gbartalonino@japanpost.jp,Alto Barinas,2025-12-07
854,Thedrick,tbertomenp@elegantthemes.com,Huixing,2023-03-15
855,Sam,sbachernq@bloglovin.com,Botucatu,2026-01-19
856,Darius,dgiacobillonr@alibaba.com,Rennes,2023-10-24
857,Doti,dsheffieldns@vistaprint.com,Independencia,2025-02-03
858,Miner,mbrokenshawnt@admin.ch,Wan Yai,2024-06-26
859,Garrett,gcandlinnu@yahoo.com,Nezlobnaya,2025-08-06
860,Tuckie,tbownasnv@google.fr,Debark’,2025-04-19
861,Edi,ebeeseynw@blogger.com,Yarumal,2023-06-29
862,Hanan,htanswillnx@discovery.com,Vallecillo,2022-12-10
863,Holden,hclabburnny@dedecms.com,Zhongchao,2022-10-02
864,Annabell,aivanyushinnz@cornell.edu,Memphis,2025-01-21
865,Dud,dalchino0@google.com.br,Nansheng,2025-04-26
866,Janie,jtodario1@typepad.com,Pare,2024-09-07
867,Boony,bpeppino2@miitbeian.gov.cn,Springfield,2025-02-05
868,Jack,jalesoo3@geocities.jp,Babakan,2025-12-27
869,Miltie,mfortuno4@irs.gov,Ujiie,2023-09-08
870,Patrick,pshilitono5@telegraph.co.uk,Nogueira da Regedoura,2023-10-23
871,Wolfgang,wplankso6@accuweather.com,Jarash,2025-10-27
872,Agneta,agarrado7@wikimedia.org,Guilmaro,2024-07-28
873,Barnebas,bmiddleo8@meetup.com,Huyang,2025-02-16
874,Prinz,pskittrallo9@archive.org,Lingdangge,2022-04-15
875,Veda,vweeklyoa@jiathis.com,Thāru Shāh,2022-09-16
876,Abby,ahornigob@mac.com,Carrasqueira,2024-07-11
877,Beilul,blakemanoc@bluehost.com,Tilang,2023-10-25
878,Norbie,nknottod@patch.com,Jeremoabo,2025-08-07
879,Anet,akennewayoe@hexun.com,Colcabamba,2023-07-06
880,Pattin,pkolczynskiof@yolasite.com,Famaillá,2024-05-22
881,Faber,fgillesonog@moonfruit.com,Sawahan,2022-02-20
882,Osbourn,owolstenholmeoh@ihg.com,Póvoa,2023-09-03
883,Bob,bspellessyoi@state.tx.us,Thị Trấn Bắc Yên,2024-11-08
884,Sioux,sbentickoj@google.co.uk,Podivín,2026-03-11
885,Gayla,gcluseok@about.com,Huanghua,2022-05-07
886,Charity,crothwellol@typepad.com,Pamupukan,2024-01-20
887,Eula,ebeecroftom@slideshare.net,Icheon-si,2024-02-07
888,Josephina,jrambauton@guardian.co.uk,Angeghakot’,2024-02-10
889,Evie,estoopoo@slate.com,Wako,2023-05-25
890,Roana,rleeceop@comcast.net,Qal‘eh Ganj,2023-06-03
891,Kessia,kmcmoyeroq@clickbank.net,Samran,2022-02-18
892,Merill,mlutheror@cpanel.net,Zhantang,2022-06-24
893,Stanley,sfallowos@bandcamp.com,Barcelona,2023-07-05
894,Gray,gtamblynot@amazonaws.com,Luleå,2025-02-23
895,Rancell,rambrogiou@wisc.edu,Parramos,2025-08-05
896,Lynette,ltomanov@symantec.com,Kupavna,2025-01-19
897,Michaella,mhakewellow@opera.com,Umm Sa‘īd,2024-10-02
898,Laney,lsyddallox@quantcast.com,Biao,2025-06-06
899,Edwina,erobottomoy@prlog.org,Kotaagung,2025-10-05
900,Tades,ttankinoz@vkontakte.ru,Vladislav,2025-06-22
901,Kate,khentzep0@washingtonpost.com,Göteborg,2024-01-05
902,Gifford,gfibbingsp1@bandcamp.com,Majingklak,2022-04-29
903,Lark,lcarmop2@deliciousdays.com,Kadupinang,2024-07-27
904,Wendi,wdoxseyp3@dropbox.com,Yezhu,2023-02-21
905,Ezechiel,eshailerp4@ed.gov,Portland,2023-03-15
906,Dara,dantczakp5@webs.com,São Pedro do Estoril,2023-04-07
907,Georgette,ghuxstepp6@wsj.com,Virginia,2024-11-25
908,Willyt,wmosesp7@ucoz.com,Atlanta,2024-11-11
909,Lance,lseamansp8@t-online.de,Huyuan,2025-12-03
910,Marlowe,mdowdap9@hexun.com,Xicheng,2024-10-29
911,Miguela,mkinleysidepa@4shared.com,Szczytno,2024-11-20
912,Johnath,jmclernonpb@com.com,Tojeira,2022-08-25
913,Alvera,avoglpc@goodreads.com,Pasiragung,2023-01-16
914,Sofie,sbergstrampd@slashdot.org,Tugdan,2023-03-06
915,Ilysa,ihardanpe@dot.gov,Maofan,2025-10-22
916,Chloe,cwimespf@quantcast.com,Kungshamn,2025-12-26
917,Rob,rjillettpg@fc2.com,Quimper,2024-10-08
918,Giselle,gcatonnetph@creativecommons.org,Mường Nhé,2023-05-04
919,Tilly,thelderpi@whitehouse.gov,Shuyuan,2023-09-10
920,Dominique,dabelepj@google.com.hk,San Fernando de Monte Cristi,2023-07-27
921,Adeline,aportwainpk@wix.com,Kulase,2023-06-22
922,Kerry,kaucoatepl@bigcartel.com,Bridgewater,2025-06-21
923,Alaine,agummiepm@hatena.ne.jp,Oshawa,2022-01-21
924,Stepha,swylespn@bbb.org,Stapleford,2023-03-18
925,Fremont,fdurradpo@bbb.org,Krasnaya Polyana,2025-09-28
926,Fairleigh,fsomerliepp@go.com,Piotrków Kujawski,2026-04-04
927,Nancy,ndegoeypq@dedecms.com,Famatina,2023-07-25
928,Candis,crofepr@nps.gov,Gandajika,2024-06-27
929,Tedmund,tgrishakovps@state.tx.us,Shibirghān,2023-09-02
930,Jo,jmcrillpt@surveymonkey.com,Jiufang,2022-05-13
931,Lonnie,lsimoncinipu@nationalgeographic.com,Whitchurch,2022-03-17
932,Roobbie,rmckeaneypv@example.com,Delicias,2023-01-01
933,Roslyn,rladymanpw@sohu.com,Zhaogezhuang,2024-12-02
934,Calvin,csowersbypx@webs.com,Shiraz,2023-10-28
935,Orv,oockendenpy@biblegateway.com,Bendorubuh,2023-08-13
936,Abby,agarrowpz@census.gov,Kota Kinabalu,2024-11-06
937,Francois,fdilaweyq0@epa.gov,Sishiba,2022-03-11
938,Sheela,skaasmannq1@shutterfly.com,Independencia,2023-06-30
939,Stefa,sdodgeq2@dell.com,Bagay,2024-03-10
940,Melessa,mbrambillq3@cam.ac.uk,Xizhong,2025-11-01
941,Karlyn,kberteletq4@usnews.com,Jagistay,2026-02-07
942,Maire,mdunkerleyq5@biglobe.ne.jp,Martin,2025-11-05
943,Hal,hbenfellq6@guardian.co.uk,Nedakonice,2022-12-02
944,Svend,sskaymanq7@shutterfly.com,Yafran,2022-05-23
945,Juan,jropkingq8@tripadvisor.com,Kolaka,2024-01-28
946,Jasen,jcloakeq9@netscape.com,Regueiro,2022-02-22
947,Raynard,raisthorpeqa@naver.com,Mae Ramat,2023-03-15
948,Cherida,cbentjeqb@networkadvertising.org,Thap Khlo,2023-11-20
949,Skippy,scatterollqc@uol.com.br,Valdemārpils,2023-11-16
950,Abbye,atownqd@spiegel.de,Anzhero-Sudzhensk,2024-05-17
951,Goldina,gwinchcumqe@jiathis.com,Rožďalovice,2022-05-12
952,Raphaela,rawmackqf@ucoz.ru,Lamak,2026-01-28
953,Paddy,pdugaldqg@yandex.ru,Drásov,2023-11-06
954,Othilie,ostearneqh@51.la,Attard,2022-03-27
955,Pierce,piskowerqi@amazon.co.uk,Xiamao,2022-11-12
956,Malinde,msheirlawqj@twitpic.com,Glushkovo,2026-02-22
957,Merv,msaggersqk@photobucket.com,Shuangxikou,2024-07-04
958,Gussie,gskimql@epa.gov,Irosin,2024-03-19
959,Helaine,hsouchqm@ning.com,Malbug,2022-01-05
960,Angelita,agebbqn@gravatar.com,Kimovsk,2024-12-15
961,Winni,wplanqo@npr.org,Beidong,2022-11-07
962,Jan,jallchornqp@technorati.com,Bongouanou,2022-04-02
963,Cecilia,cspringthorpqq@shinystat.com,Dapawan,2024-03-19
964,Corney,ccorainiqr@ehow.com,Wojciechów,2022-07-01
965,Eirena,emanuelyqs@last.fm,Bratsk,2025-06-02
966,Charmaine,ckellertqt@imageshack.us,Pingdong,2024-06-14
967,Delia,dbussqu@oaic.gov.au,Kota Kinabalu,2024-05-28
968,Ailis,anialsqv@bbc.co.uk,Madang,2024-04-21
969,Marinna,mllewhellinqw@webnode.com,Zhaozhen,2023-09-26
970,Shalom,slivingstoneqx@phoca.cz,Ibarreta,2023-03-21
971,Cirstoforo,cpelcheurqy@yahoo.com,Umbultanjung,2025-02-19
972,Danika,dscholcroftqz@ebay.co.uk,Nosy Varika,2025-05-17
973,Gerri,gburlinghamr0@oaic.gov.au,Recreio,2026-03-15
974,Konstanze,kheildr1@springer.com,Bakersfield,2022-11-21
975,Ralf,rtimpanyr2@reference.com,Mvomero,2022-09-05
976,Sterling,syarhamr3@parallels.com,Umeå,2024-05-02
977,Luca,lglowachar4@who.int,Vacoas,2025-06-27
978,Trenton,tcalderor5@1und1.de,Trindade,2023-10-09
979,Shandy,ssawyerr6@mayoclinic.com,Nagorsk,2023-01-29
980,Cristal,cgrinstedr7@netscape.com,Putrajaya,2024-12-20
981,Ferdinande,fnelthorper8@sciencedaily.com,Ruo,2025-07-08
982,Neale,nduffusr9@dropbox.com,Muranovo,2023-12-23
983,Wendeline,wdurnillra@blogger.com,Podporozh’ye,2025-01-04
984,Russell,rhillsrb@twitter.com,Yinjiaxi,2024-10-29
985,Major,mwoolstenholmesrc@paginegialle.it,Rzyki,2024-04-30
986,Abelard,agrigorrd@unesco.org,Rio Brilhante,2022-11-23
987,Norah,nhoovartre@skyrock.com,Aimorés,2024-10-20
988,Esteban,ecresswellrf@cocolog-nifty.com,Lakeland,2024-08-03
989,Morty,mselmanrg@pinterest.com,Karangsari,2023-01-15
990,Sibelle,sthireaurh@blogspot.com,Oetutulul,2022-12-24
991,Cacilie,ccabenari@wikipedia.org,Pluak Daeng,2022-05-16
992,Cazzie,cbasinigazzirj@shareasale.com,Montenegro,2026-03-18
993,Marcellus,mknoblerk@usa.gov,Rendui,2024-02-04
994,Dedie,dfairleighrl@accuweather.com,Dzorastan,2025-07-22
995,Hirsch,hpattierm@cnn.com,New York City,2023-01-30
996,Bobbe,bmivalrn@wp.com,Penticton,2025-03-01
997,Launce,lmacellarro@typepad.com,Verkhniye Achaluki,2022-01-07
998,Igor,irobichonrp@nymag.com,Juan Santiago,2022-01-15
999,Gaby,grubinekrq@drupal.org,Camp Thorel,2024-12-25
1000,Georas,gllewellyrr@redcross.org,Lupak,2023-02-13
