ID,PRODUCT_NAME,CATEGORY
caca8058-10ef-4c0d-a898-0dfa395fecd3,LPG with Jumbo Refill,PPAG
8eaebdfa-98bc-4b90-91ab-a55288316db8,Sandwich Sign (Rigid Media),Large Format
9a7bc1d4-94ac-4eb2-983f-b3bdbd18c720,Canvas Prints,Large Format
04635c8a-7236-49b8-a0c7-f87046289f0f,Capri 700 ml sport bottle,PPAG
cd073135-7695-4c95-8dfa-eb69d751058c,Premium Facemasks,PPAG
049c2974-3972-4737-8293-756fa78018fe,Candy Jars,PPAG
14ead76e-dd28-42b6-8e5d-ddf115504dda,Molière - Soft Recycled Cover A6 Notebook,PPAG
9c1ffc09-1c11-4d6d-b58e-109415f19ccb,POS Material,Large Format
5e7ba712-4c49-41ed-8d01-77b2bdbf7e04,Postcards,Small Format
91d80f7e-20d2-4e99-9968-9560a49b8364,POS Material,Large Format
3534511c-a146-42b9-ad91-9e26718faaec,Basic T-Shirt Hartvoorelkaar Promotion,Other
8bb5546b-29af-4c5a-b720-73e306cf8d1e,WmD French Fries Bowls,Packaging
81cb9857-f338-4d04-b109-5fcc01525bdd,Classic A5 hard cover notebook,PPAG
98a4cd16-3c93-4f0d-90cf-0ee40d89c5ac,La Jolla Softy Monochrome Metallic Pen,PPAG
a7a6e5b3-5993-47d1-bae8-39e0405a6b14,Mast Flags,Large Format
81c3a784-cedc-4828-a47b-c89d051efe98,Cove 500 ml RCS certified recycled stainless steel vacuum insulated bottle,PPAG
8020266e-6df7-4711-b3a7-9b0c92bbe177,Pheebs 150 g/m² Aware™ recycled tote bag,PPAG
21d2b30f-1945-4f59-970e-40b5d7ffa466,Toronto Recycled Cotton Chevron Tote Bag – 8 oz,PPAG
9fd1bbda-436f-4699-a664-ec01787effc1,"Christmas Hats, Stocking & Santa Suit",PPAG
31e4f408-7454-4ad7-bc7d-e643eaef1ff6,Envelopes (unprinted),Small Format
37e57b5a-85bd-4ab6-9fe7-ecda52bbd6ab,Mast Flags (Test Boogaard),Other
3f9a0171-f0f0-4a77-b8c1-da192ad9b484,With Compliments Cards,Small Format
7ed7ce90-26b4-4824-b81f-e765d6eb50ae,Umbrellas,PPAG
99af6624-3442-4841-8154-3aeeb5a8c48d,Jetta 330 ml copper vacuum insulated tumbler,PPAG
09facce1-487e-4ec5-97b9-5ed7fad33e63,Cotton Bags,
bb66a8db-3691-4442-91c1-6136c644bed1,Ryder 900 ml RCS certified RPET sport bottle with multi-function lid,PPAG
347f455c-a097-4630-a663-d8ca906b98b0,Flag lines,PPAG
b96d0582-e096-42dc-8acc-c382a87daa3c,Thermos Mugs,PPAG
1aceb1ed-752b-4d66-bc40-0ed2d32c4a15,Modular Exhibition Stands,Large Format
3bb8cd98-23f9-4434-a1f1-902343e4c4d9,Mariner - 31 oz. Double Wall Recycled Stainless Steel Bottle,PPAG
80d72365-7e9a-4429-ba8a-c677f69837d2,Noir medium notebook,PPAG
2bd62320-b2b1-4277-9e0a-0d1f37692c23,Portofino Softy Rose Gold Gel Pen,PPAG
58f07023-397d-426d-b12f-efbfe8443091,Street Flags,Large Format
542dc252-8a23-4ded-ae44-c5be84cc1df7,Hardcover Books,Small Format
99697a37-7ed6-4c2d-8f77-769b1ca0e57b,Posters Corona Virus Campaign,Small Format
17fa9b2b-04fb-418d-91ef-5939edca67b5,Quattro Softy Brights Multi Ink w/ Stylus,PPAG
5ad2fa91-640f-4c8a-98fb-34f925512c7a,Cali 370 ml ceramic mug with matt finish,PPAG
b38515d5-f322-45b8-af47-074521c0a76a,Pens,PPAG
d8e59741-6a6e-4b44-b044-52ada4e32f01,Ellipse Stylus,PPAG
c4bc29bf-6e8a-4d6f-a0d1-9a8ba0088348,Colorama +,PPAG
2de1f657-383e-4371-90a9-585c6efba0ca,Workwear Jackets,PPAG
5ec90686-ca82-4b44-a177-196fc6c3e558,Wall Covering,Large Format
052742df-2a83-4922-9901-7d330775b826,Cushioned Mailers,Packaging
ffde4180-e2a9-4f0e-a6ef-00b7079b8a28,Reboard Screens,Large Format
114b4be8-54da-4977-bcfc-12cc6bf5dbcb,Short Sleeve Blouses,PPAG
5fca5fd0-6903-4b95-8c6a-9816bd7709b1,Palma - 5 oz. Recycled Cotton Drawstring Bag,PPAG
653c6693-c98c-4a6a-beb5-c070f2650084,Post Boxes And Shipping Boxes,Packaging
8e352f78-3f29-4839-a31b-a8c218c3dd39,Doorhangers TEST ROUTING,Other
6551c947-2c3c-429a-9b49-1991fc89f10a,Avalon Softy Rose Gold Pen w/ Stylus,PPAG
9c62c30b-bce3-4b20-bbc5-d30d75d8ad3b,Workwear Trousers,PPAG
9b0c3711-94b3-4898-b2ba-29fd41993e9e,Sweaters and Hoodies,PPAG
c1df7383-8576-4add-8bd5-6ecde6e7a77c,Pantone And Colour Guides,Small Format
33825b0b-dc02-49c9-b011-e2d35e7af85e,Ninja PRO,PPAG
5d02a3a2-5c4c-4751-8c54-9e18485d1c11,Rigid Media,Large Format
184cfeba-fa28-4203-a7c7-3dc1c0eb907e,Oregon 400 ml RCS certified single wall stainless steel water bottle with carabiner,PPAG
75e943f8-a1fe-49b3-acf8-8c33c88a4fbf,Workwear Shirts,PPAG
93a9e80d-0272-4d2c-9122-1d6adfc571d7,Flip Lid Boxes,Packaging
c7dbbf5f-c48e-4235-8b19-e783810c8435,Photo Posters,Small Format
2d8b56c0-6627-41de-911f-6a0943fb0365,Phoenix Softy Rose Gold Classic Pen w/ Stylus,PPAG
c10fd416-2f21-473b-80b7-b99ecf5bbb0a,Ellipse Softy Rose Gold Classic w/ Stylus - Mirror Laser,PPAG
59b72301-0074-4d47-b329-ab81512a494b,Julian - Non-Woven Shopping Tote Bag,PPAG
d04b1135-6d16-4818-bac5-24494ea1e4e9,Spectrum Plus A5 hard cover notebook,PPAG
e4dafbf3-087c-4699-bc7a-d6b300c78025,Gazelle Gel Softy Rose Gold Pen w/ Stylus,PPAG
c5233d07-edc7-4736-ba33-7c7526bbd051,Tyler Pen,PPAG
22aaad1b-6028-4909-8c60-301301ff0d7c,Glass And Porcelain,PPAG
54ec5cb2-6756-4d41-8ffb-a646b22f2ac6,Jute Bags,PPAG
e2e04401-aa37-4e3a-b89c-e2477912c167,Facemasks Budget Shaped,PPAG
5246d318-752d-4325-9cc4-266b33f4615e,Santorini RPET - Recycled Foldaway Shopping Tote Bag,PPAG
4f90bf0f-19d3-4711-b0a5-9442dcd4ca2a,Wall Signs,Large Format
0603d3b0-54ab-4e0e-9531-861dbe5518e1,Aluminium Textile Frame,Large Format
9d2e7bb9-f0bb-477b-80d8-af4011318015,Vinyl Lettering,Large Format
e2b9650c-e86f-409c-9d01-7ac7370af5bf,Flyers,Small Format
3750db0f-b222-4762-bfd2-1bf4184236f5,Hybrid-Quotes,Small Format
49f384a7-6b14-4ac4-a2fa-4c006da9b6b0,Photo Calendars TEST,Other
14d32b94-de84-4fc2-ad39-23c2dd960bc8,Jagger Midnight Softy,PPAG
83a115d8-9fed-4e0a-b389-33c94cb832fc,Print Expert Services,Other
1a0b1929-ff3a-4fc7-9261-a4092c096025,EK24 Gevelvlag,Large Format
043be243-86d5-49d5-8577-bc0a9c489993,Majesty Recycled Stainless Steel Leakproof Lid Bottle - 20 oz.,PPAG
191d135c-05c3-424c-ba3c-bfe8b72e43df,CD / DVD Printing,
df5ea600-b159-471a-b6d5-a6a3f7f72515,CD And DVD Inlays,Packaging
a1059a4e-4936-4b8e-86a3-0cc933cb3d12,Newspapers (Deprecated 29-03-2022),Small Format
7b9608a6-a085-4a1b-9237-1d09b9838402,Bowie Softy Mechanical Pencil,PPAG
6693be6a-3713-4a6f-b41a-6107b1e138ec,Mailbox Packaging,Packaging
afd21854-1811-438c-9cd5-6190a321dfce,Plexiglass Desk Screen,Large Format
3a179f66-2661-4785-bdd5-7187abc2be73,Workwear High Visibility,PPAG
75899b5b-736c-4304-9164-cb81b1e9153c,Ellipse Softy Recycled Aluminum Pen w/ Stylus + Anti-Fraud Ink,PPAG
3ea37490-c958-4748-9f4f-6601d907b789,Pavement Signs,Large Format
98d4b4ff-a762-4e13-8f1d-55516d458b4d,Colorama,PPAG
b96ad9bd-6294-44f6-9016-0c43137cd80f,Workwear Shirts,PPAG
36d64f49-d957-4abf-9599-efb0bf6650ed,Business Cards,Small Format
3c2c5e3d-6987-49e5-b488-99714c4f415a,Bean Bags & Lounge Furniture,Large Format
a72172e7-a1af-471a-b540-1900d8ccf6d4,Insect Hotels,PPAG
4fdcc391-33a1-48a2-a8ff-392df141eb7a,Bowie Softy,PPAG
6d54af69-7633-4ed0-aac4-67a1e5a7caa1,Z-cards EK-Campaign,Small Format
e3d6dbea-73a0-49fa-a787-b64c8d71c58c,Ringbinders,Small Format
0043b474-2e57-4cdc-b193-44f02a71d1dd,Memory Game,PPAG
0133c173-1bf7-424b-a60d-f8385aff487e,Aura RPET Wrist Strap Bottle - 24 oz.,PPAG
0f33b68a-0de9-41aa-b7dd-30df896ebd31,Folders,Small Format
f3948f48-f127-4f07-9eaf-cfce4d3b5062,Moneta recycled aluminium ballpoint pen (black ink),PPAG
642158d3-70c7-4441-a719-0093228f6782,RPET Bottle 500 ml water bottle,PPAG
81ac89d7-7f19-4964-8863-ed0408f71216,Floor Mat Covid19,Large Format
ff5960ae-41e4-4158-a9d6-b4b4165b8a79,Workwear Polos,PPAG
5b2af9c8-edb8-46e6-9229-1cfaf7814bd3,Postcards,Small Format
fdb45495-88a7-4e0d-8ccd-cd2583201218,La Jolla Recycled Pen w/ Stylus + Anti-Fraud Ink,PPAG
81dfb852-754f-4e38-95eb-2dc3b40bdbd3,Crosby Softy,PPAG
1ada2fb1-ff99-4693-a396-bc3f80918455,Budget Shopper Tote - 5 oz. Recycled Cotton Blend,PPAG
524e01fb-02c7-49a3-b869-65c98b32c2ca,Geneva Drawstring Backpack - 210D Polyester,PPAG
7f50df41-572c-4684-8878-dbad7f674c74,Doming Stickers,Small Format
7bb6e84d-3b4c-457e-9a81-d84e9bf54f30,Bogota 350 ml ceramic mug,PPAG
f33aa174-18b0-43dd-913e-98b3aadaf042,WmD Wrap Packagings,Packaging
94f78c62-5a00-4fa4-9a41-50777d159ae6,Workwear Sweaters,PPAG
3a702110-9749-4726-9560-eb403c318b60,Coastal Threads Repreve Tech Organizer Notebook - A5,PPAG
cd7924da-1d55-4dc5-bc97-81c184936c92,Astrid - 18 oz. Double Wall Stainless Steel Bottle,PPAG
8513674a-f84c-40f1-b471-8c1e061833a0,Posters,Small Format
64848ff1-36dd-4271-bcb3-80e1f0ddbada,WmD Straws,PPAG
b4e8a246-e00a-4df8-af8e-2569ae203738,Postcards Including Envelopes,Other
4a7033b5-f651-4715-9e9b-392ea937c650,Tentaccessories,Large Format
34100a46-bcdd-4c27-a647-535868d50100,Stickers Small Format,Other
2c5afd39-306f-40d7-8545-e361504f3221,Flip Flops,PPAG
49a13020-b79a-4586-a64b-cfcb195c7132,"Carson 3.5"" x 5.5"" Recycled PU Leather Notebook",PPAG
bf98883e-37d3-4683-93df-e29e3734dace,Promotional Boxes,Packaging
a2bd63d5-1d4e-4616-8afa-77a80e65ddf4,Tablecloths,Large Format
e5498e88-44a9-4e6d-8ae6-cfe36f8a825e,Workwear Sweaters,PPAG
7e9d7fac-c0cc-485b-a784-aae677e6de2c,Nash ballpoint pen coloured barrel and black grip (black ink),PPAG
170ac447-6433-4cd2-b73f-046507c0d23b,Envelopes,Small Format
0d196577-6ca5-4b71-bfa7-22690dd8d7e0,Selfcopy Sets,Small Format
5b258e5c-a450-4b0c-885a-557db1cc0599,Sandwich Sign (Rigid Media),Large Format
6323de82-c8c5-4bf4-954f-b21371c6616e,Jasper - 18 oz. Stainless Steel Tumbler with Plastic Interior,PPAG
f644c40e-6944-4033-bccc-785109a4d8d6,Sweatbands,PPAG
6620b4c7-9346-45a1-8b9f-5bc6014f86d2,Marin Softy w/ Stylus,PPAG
2c37b1db-6831-4e0e-8f84-c549d6a39f20,Pillow Packs TEST ROUTING,Other
0b95ebfa-1b39-47ba-974f-bcc8fe31f316,Sweaters and Hoodies,PPAG
f6243493-7c4f-49ae-a1c7-60c47a185b8a,Workwear Shirts,PPAG
edc4a599-9870-48f8-87e8-7f14e74c2d9c,Spectrum A5 white notebook with coloured strap,PPAG
91c6e018-b002-4690-9833-458450d83e3f,Roll Stickers,Small Format
87afa157-c60a-4a6a-b44b-04768ae5d5b9,Cotton Bags,PPAG
c7bc196b-e88e-4471-8725-2b7dd0655e68,Heavy-duty Boxes,Packaging
efce3d1d-2b2d-48a2-abd7-687ff84c907b,Westport - 5 oz. Cotton Tote Bag,PPAG
8f30a744-d8fa-4376-86a3-1518633b4c65,Doorhangers,Small Format
94471bd3-2916-46c5-b466-1fbbb1d05116,Stand-up Pouches,Packaging
2bbe45ff-3f98-4da9-9a0e-104e3b7a4c13,Hammock,Large Format
4ad8e209-d731-436f-b682-84384ee8c45f,WmD License Plate Holders,PPAG
a8b3a6c9-ef25-4b4c-8ad9-02383ce6a789,Vision Brights +,PPAG
b3c5c251-bbfd-4496-8f01-a4b4681c763b,Stress Reliever Ball,Other
ce922e80-9500-4072-93af-c44cdee99f35,Islander Softy Gel w/ Stylus,PPAG
276e6d01-4e98-4a0d-838b-aa21317a7a23,Flyer Die-Cut,Other
2f16a90d-90ce-4ea6-8807-49867f8f6ae0,WmD Burger Boxes,Packaging
c59a31dd-dc6a-4c5f-8ec1-e409cc677396,Nelida A5 recycled cardboard hard cover notebook,PPAG
d908e528-8b1d-4eef-818c-d0f08dc4e9fe,Reusable Cups,PPAG
b036b6e6-5ae6-44b7-8a8e-3ba8578a9343,Pavement Signs,Large Format
e85f853d-e55d-4db4-9e70-3d4b6a42fc0e,Perth 740 ml stainless steel sport bottle,PPAG
e5b0abcb-622b-4d37-9425-da36397c2fcc,Illuminate 600 ml RPET water bottle,PPAG
35a9cdf9-1cfe-49fe-a9af-23fda4382458,Islander Softy Gel Classic w/ Stylus,PPAG
3dfebc65-6db8-4477-adeb-e807cba5c5a4,Fashion T-Shirts,PPAG
81d9c9a4-5108-4f05-bb8e-3c80d5b5f1e0,Duvet Cover,Large Format
b2d85ce1-290e-4b40-bf98-0636b3cf193a,Z-cards,Small Format
a8cec0ed-929d-49c8-a73d-eeb1f850c19c,WmD Breakfast Board,PPAG
e9e1140d-5116-4c84-96d8-b3c01b684bbc,Paperformatposter,Other
15e53e44-4cfa-4abb-ae12-ea5c8b87718c,Grow Paper Products,Small Format
080b7c86-064f-4092-ba9b-7e4164b61a76,Majesty Recycled Stainless Steel Bottle - 20 oz.,PPAG
9f8f37e0-fe1b-48f2-a168-798ffcedef89,Pavement signs,Large Format
a679de29-2720-4e2d-9e43-10ae5fd2ef68,T-Shirts & Polos Kids,PPAG
969e8143-8f0c-4b64-97a0-f575940e40d5,Exhibition Desks,Large Format
688a4cb1-b6c4-4211-a685-da39720455af,Counter Displays,Large Format
a49934a7-67f7-4cc2-ad16-0364535a4ab8,Sport Polos,PPAG
ee7f471a-ace9-4e02-87ff-99ad55770c12,Rigid Media,Large Format
95bbc1b7-df55-471c-a429-bd7d916a30c8,Phoenix Softy Rose Gold Gel Pen w/Stylus,PPAG
a2aaefa3-0b8b-4c2d-ac8a-c3ec7779479b,T-Shirts & Polos Kids,PPAG
23d8d0fe-f1a5-48ef-92fb-4a01011d94b5,Workwear Trousers,PPAG
bf89455e-be82-4904-a821-4aee3dfbbad6,Beachflags and Dropflags,
d2db14aa-0097-438b-b0dd-466f082bc515,Delfina phone holder pen (black ink),PPAG
3a6c5c4e-0ef0-4911-af76-c0d6c457ec83,T-Shirts - Adult - Basic - TEST VISTA ROUTING,PPAG
c976142e-b6ef-4a25-8eda-7c238a45ead0,Workwear Polos,PPAG
579ca37a-c6aa-480e-bc7d-9e0bd6c74737,Cups (Old) (Will be deprecated in Q3 2021),PPAG
0f5684de-f495-4ed8-9f25-75f6c0a80b1e,Side seal pouches,Packaging
27d34b82-0026-4c51-807f-bb162eeb82a5,Newspapers,Small Format
f7deb42b-215c-4ac4-93d8-91d51d626fe5,Jigsaw Puzzles,PPAG
2c9e5f60-f12a-4e09-bdd3-c996ac99d227,Exhibition Walls,Large Format
59874e21-0f81-42d5-9b8a-939e783de4b7,Christmas Tree Decoration,PPAG
02f4a203-a114-4cb4-b319-bc63971303be,Discovery - 14 oz. Double Wall Tumbler with Recycled RPP Liner,PPAG
c51a9138-bc17-4803-b60c-218717d43b29,Wall Calendar,Small Format
ab639c15-c5d5-4ed4-91a9-36c9f54584b6,Terra Recycled Milk Carton Hard Cover Spiral Notebook - A5,PPAG
559d73b4-0640-423d-b21b-1adcc1cb235a,Bergen 800 ml recycled plastic water bottle,PPAG
2e1258d9-65f9-4ad6-a90a-5f15ec0fa34f,Bowie Style Grip Stylus Pen,PPAG
83e67261-3fa0-4363-8d47-ab877ae81980,Counter Displays TEST ROUTING,Other
c28ba91f-70d0-41c5-981e-2164c663c8a6,Business Cards,Small Format
b696f769-beb3-4731-859c-fdae4cfefe50,Nevada 100 g/m² cotton tote bag coloured handles 7L,PPAG
b38a8416-b336-4da3-9842-10d063e48c1e,Business Cards (Combination),Small Format
07a05460-f8b2-4577-b914-38b37829ee4c,Custom Size Banners,Large Format
2bf4c967-f30d-46ce-ad44-9a19e0c71683,Pochettes,PPAG
a675629c-ec4b-4d8d-8e18-e27948eb6363,Shopper Bags,PPAG
f989bfcf-c31e-4503-bb4b-4a9db35606f7,Juana recycled aluminium ballpoint pen (black ink),PPAG
7a3c13f6-bd2c-40aa-aa01-489a316f466b,Kona - 18 oz. Double-Wall Stainless Tumbler,PPAG
7030cf76-4243-464e-b71d-dcfb93e85ed8,Moneta aluminium click ballpoint pen,PPAG
743bda3a-a1b3-4ec7-849a-b8957c6230fb,Moneta anodized aluminium click ballpoint pen,PPAG
6bbceadc-405d-45f9-a8f9-60dce4703dae,Fashion Polo Shirts,PPAG
777e82e4-e3bd-491a-ac28-7e68dddd93fd,Gift Cheques,Small Format
1d20269d-1ab4-4ff2-ad47-9fddb14fc208,Roll Stickers TEST mSKU,Other
2ca33f28-7718-48ee-9f94-59588a813a1c,Tank Tops,PPAG
6cecb9df-a4c1-491f-ac70-4ab4fdf63c9c,Floor Covering,Large Format
660ca4df-628e-42cd-abf2-07a89df70c04,T-Shirts & Polos Kids,PPAG
7a4b1e1c-b7f9-4487-987f-d32bb631893d,Business Cards,Small Format
9bf8f1fe-5819-44f3-a174-c3f619208ef9,Folders,Other
b9d5d171-477a-49a0-ad91-621e801b8a48,Single SKU Banners,Other
ca81a153-562c-437b-91d6-8f7a2aaf7f68,Foamboard Unprinted,Large Format
0abc523f-c48b-47e7-85ab-98cb97b1e533,Banners Including System,Large Format
4da2d5f5-3194-4e93-80e7-c46b121f3ced,Bowie Softy with Stylus,PPAG
41feb300-4cd4-4c99-9e8e-59757a40dbe1,EK24 Strandstoel,Large Format
878361c4-89cd-49c9-b339-975414549913,Thor 500 ml RCS certified recycled stainless steel water bottle,PPAG
fd1bb6b1-a482-42be-8048-f853b0b97241,Umbrellas,PPAG
4da1a7f9-de1a-4f7b-a825-6805fa102a3c,Mousepads,PPAG
a3f87851-b9c7-4af0-8c88-6a1b2db8b80e,Wine Boxes,Packaging
5d976ce7-5a11-41fd-8fae-dcb183ba6628,Berk recycled carton and corn plastic ballpoint pen (black ink),PPAG
56ffd015-4ac0-4156-ab2b-5f0efe6db3a2,Tres-Chic Softy w/ Stylus Top,PPAG
4237c517-9824-4118-bf31-d6bb9431a87a,Islander Softy Gel Classic,PPAG
6b22bc85-7d97-40ae-afb5-bccb189fae34,Flyers,Small Format
9d1dff7e-b926-4fb7-b8e2-942670c293b7,Facemasks Scarf,PPAG
a9b26f87-445d-4f55-bbaf-6d540513b2bf,Flyers TEST SKU REVIEW FLOW,Other
27517dd7-6c47-4f0f-a493-2ca786a5b2d0,Thermos Bottles,PPAG
1641c672-fbf4-4d54-b7b0-d186affde412,Grow Paper Envelopes,Small Format
e6659d64-a0b5-4882-b524-cf3866be9c2d,Shop Decoration,Large Format
26bc4fcf-e816-4ffc-a025-007651622722,Floorvinyl,Large Format
f8049c00-4628-40a4-92d0-6916ad373cdf,Waterman Graduate rollerball pen (black ink),PPAG
9ffe02cf-ad4b-4e46-9745-b35c7463cfa8,Sport Shirts - Aggregated Pricing,PPAG
c4b4225e-7ef0-4368-90c6-7703c0494c60,Mojave 250 ml insulated tumbler,PPAG
2b8f0c0d-59cd-454c-9408-d26e475cd309,Berk recycled paper notebook,PPAG
a5df212c-5cef-4279-9124-ab59964a2126,Bowie Softy Monochrome Stylus Pen,PPAG
c2b34e19-97dc-4f5e-8432-1b4139eda02a,Optimus - 20 oz. Double Wall Recycled Stainless Tumbler with Ceramic Interior,PPAG
71a5443c-7b2e-40a9-8767-8c4992eb03c3,Roll Up Banners Green Screens,Large Format
d2b3ce34-0bf8-4666-8028-8dbc9e5ca6eb,Tablecloth,Large Format
9ec0d432-ba9b-4fec-8469-628e8d2c9af8,Spring 500 ml RCS certified recycled stainless steel copper vacuum insulated bottle,PPAG
1e1ede71-69ab-4570-a36c-fab922b0951e,Magazines Wire-O,Small Format
754f4884-e971-4828-a9a7-d33d93caf4e1,Wobblers,Small Format
8844f108-3a27-4fb3-b44e-01e7ae08ff3c,Hardcover Books,Small Format
0592e38b-cbdc-4642-8aa1-39d6f5a36569,12 oz. SimpliColor Mug,PPAG
05c22f10-1921-4ac8-bc9e-c1527c9dadba,Tape Corona Virus Campaign,Packaging
e304a0cd-3158-449a-b938-3231459950e6,Luxury Shipping Boxes,Packaging
1e7d9155-d58d-4d77-981e-4873821e6f15,Borneo bamboo ballpoint pen (black ink),PPAG
8d99d7d4-d147-4bc6-8864-1bc27fa37fff,Reborn - 18 oz. Double Wall Stainless Steel Bottle,PPAG
3d26c25a-4b9d-4091-a4df-96b3eb72aa4f,Letterhead,Small Format
1d85c040-0732-403f-9d33-aa0a2c468ba0,Aprons,PPAG
b89084f2-3d9b-487a-a522-086613c44916,Street Flags (Boogaard),Large Format
a6a2d856-d06d-4869-852a-71f313a52848,Harry coloured edge jute tote bag 25L,PPAG
b9fecdb1-66c2-4374-9876-2f9e5c303af8,Towels,PPAG
2c4d68cf-e718-42ee-9fb0-1e19516983ef,Rainbow 180 g/m² recycled cotton tote bag 5L,PPAG
a553e8fd-2a70-4870-8515-e2e3969e51a6,Counter Displays (Copy MSKU for test 13-10-2023),Large Format
7bd74699-de64-4afd-9e0c-9216c5dea78c,Postcards With Mailing,Small Format
d90ec3cf-2d6a-421c-a9eb-9ac826196996,Shopflags & Windowflags,Large Format
8bcc6f77-4d60-49fe-9b9a-8f7bf8e53509,Workwear Sweaters,PPAG
f212ce4d-882a-4ab5-9864-3d3bc120bfe4,Fashion T-Shirts,PPAG
66104cce-63c0-4893-9a4f-22f2574e3d8d,Elite Slim w/ Stylus,PPAG
782c028d-70a7-4c40-bc9c-4900959d4bbc,Islander Softy Metallic Gel Pen w/ Stylus,PPAG
17e8f680-edc9-4a86-92ce-5dc3e00cec8d,Coloured Envelopes (Outlet) (unprinted),Small Format
66f9915b-c138-4e10-85db-9ddbedb5afd2,Borealis - 22 oz. Recycled Stainless Steel Twist Lid Bottle,PPAG
7827f298-03bb-472b-9ab7-9bf68041cb0a,Fashion T-Shirts,PPAG
87a712c8-0556-4cfc-9b0f-e52c20071571,Kraft Pochettes,PPAG
8fbc0695-d673-487a-a8bc-cd0540a0ba1f,Bari 240 ml ceramic mug,PPAG
ad2145d9-4383-418b-82cb-c1488f88f5cc,Paper Bags,PPAG
8ca8d09f-6722-49a9-b5b4-78abaf1e6461,Café Duo - 11 oz. Ceramic Mug & Bamboo Board Set,PPAG
fbfeb2ed-5528-493a-a640-d42fee3e6d7f,Christmas Cards Prinses Maxima Centre,Other
4eb0113d-004c-4540-84e9-f99fbc8de8c2,Avalon Softy Monochrome Metallic Stylus Pen,PPAG
8a7679f6-7d13-46ac-8bee-3e41f2fb2ff0,Custom Size Flag,Large Format
30f01a35-d677-448d-8e63-be9c783369de,Café Duo - 11 oz. Ceramic Mug & Bamboo Board Set,PPAG
4afa187d-997c-469e-a44d-d46157c3594f,Tonga - 5 oz Natural Cotton Tote w/ Color Straps,PPAG
88e308d2-d9b5-4ab7-9405-ad9ff4beeb20,Magazines Stitched TEST,Other
45610ce8-8983-431d-ad98-d18d55deccad,Chennai jute tote bag 16L,PPAG
28106e24-c943-4910-875b-be0849a6aa7a,Seedpots,PPAG
daa19d1c-73f1-4369-9a1a-1033f5518b98,Counter Displays,Large Format
c554128f-f5bf-476a-97ac-76e5680463b7,Printdeal FIles Department Test Product,Other
5473aa64-2ca3-4478-8a38-8a5ddaa237e5,Nash ballpoint pen with coloured barrel and grip,PPAG
bf255399-15c0-45df-9093-7984723a8988,T-Shirts & Polos Kids,PPAG
fd46ad43-0834-4068-8109-6e5414561f5c,Maryville non-woven shopping tote bag 28L,PPAG
0c7814c1-056c-4074-af94-805ef42ebde6,Placemats,PPAG
502cb9da-af9d-4bdb-9c11-ca37b543b8bc,Reborn Recycled Aluminum Pen,PPAG
df3d62ac-ef64-469e-8dab-197b03c6c916,Crosby Softy Pen,PPAG
b7754e8b-4397-4746-a7f3-b3a22e1b1a7a,Pavement Sign Posters,Large Format
bbc14fa5-2e92-4230-a306-8d1a0b380e70,Flyers Internal Sales,Small Format
f6208660-9125-425f-a83d-bfe7825de9a1,Pheebs 210 g/m² recycled gusset tote bag 13L,PPAG
97c26a74-74f1-45c0-929f-ed1abfc30064,Juta 300 g/m² jute tote bag 7L,PPAG
e71595fc-0f57-47cb-bdbc-ddb1e9aef6ac,Small Format Stickers,Small Format
946a27ba-061e-4eae-a558-868de96aaa6f,T-Shirts & Polos Kids,PPAG
c6dbacd5-c541-4f7c-87a3-aad12a561d53,Riviera 340 ml ceramic mug,PPAG
380fcec6-ac41-4fda-9018-3b05079e89a0,Small Format Stickers TEST,Other
15092f71-04d2-4381-af6b-c8ed4793d3f1,Mugs,PPAG
5a68d45b-41dd-4e88-bfc7-627572c8fc65,Window Stickers White Printing,Large Format
76e323e6-1462-44ae-8c7c-3e66f5ab96e1,Waving Flags,PPAG
6d4b32e6-0079-4d0f-a961-0586fed2bab2,Bodhi 500 ml RPET water bottle,PPAG
9d399f00-e76c-4dc8-a782-8fc9e9ea73ae,Folders,Small Format
20975682-93cb-4f1d-b437-fa8767a3f629,Teak A5 recycled hard cover notebook with lined pages,PPAG
95ad16f7-fd73-4fca-96a5-8caeba59f461,Sunglasses,PPAG
70d6a17c-6556-4afa-84e9-e5c2fe728df3,Snap Frames / Displays,Large Format
3dd9ce86-1889-4b4d-a2fe-5bf59b859a58,Paper Tape,Packaging
482a0820-71d6-4af0-bd3c-0dd71f1c04c1,Gateway - Non-Woven Drawstring Backpack,PPAG
014b6ff7-be09-4a54-8c16-d68d6b24fef1,Solana Softy Rose Gold w/ Stylus,PPAG
3c04e602-4222-4618-8794-ace854a6a101,Large Format Stickers,Large Format
8e9b9880-db98-4bc7-adc5-327bc259960c,Pavement Sign Posters,Large Format
d90c9359-b102-4e70-9b21-70b18c415da1,Crush Barrier Banner,Large Format
fc125b76-2dca-4267-b335-2a806a030838,Magnetic Foil,Large Format
50d59ba2-6e95-4537-89ae-583d48a774f3,Topboards - Pavement Signs,Large Format
9a332e71-0cb5-4aa4-ad83-52bc9914f459,Banners,Other
e96dd309-33a1-46e8-b5e6-c18a15e36be5,Business Card Holder,PPAG
0bb283b5-6612-4468-be21-57efee230209,Sticker Sheets,Small Format
2b1f7a2b-9d74-4283-8801-201a503fac5b,Peppermint,PPAG
c9030aa1-9e7b-4276-84e0-15504e5e4293,Tres-Chic Softy Stylus,PPAG
049254dc-a121-4315-a080-a91a998670dd,Aztec 340 ml ceramic mug,PPAG
f53d5161-c136-4a52-888d-c26c95a345a1,Billie 300 ml ceramic sublimation mug with cork details,PPAG
e7539f60-9862-46a5-a987-1ef76c49a95b,Flyer Pro Test SKU,Other
685be1bd-6209-4b85-91ea-bb42df553e7a,Counter Displays,Large Format
d67a0709-104c-4546-ae3f-9cad4dbe1ed4,Outdoor Accessories,Large Format
df6e83bc-fe93-4b7e-848b-f7cc147ae075,Wall Circles,Large Format
619b8791-ef80-4aa6-a3e9-61665849b8dd,Sai RPET tote bag 7L,PPAG
5aa2b2f3-fa6f-43ed-a54a-81163e8e6dc4,Hangtags with cord,Small Format
e7f735ef-3b87-4933-96ab-4dd74af405e6,Rigid Media new,Large Format
96905dc6-a6b6-4201-97c2-6adcb1506a75,Flyers,Small Format
35697ae7-9b6a-4e5d-aa91-f2f4092e1ae1,"Scarves, Hats And Gloves",PPAG
d81bed23-a409-4f82-a49b-50d42b3a9485,Consumption Voucher,Small Format
0567b266-4ef2-45f0-9a2c-817e6346b69e,TRUMASK Fashion Face Mask,PPAG
c5e4e23f-d03d-47ed-a16e-a0df105df8d0,Bali Cork Pen,PPAG
31f43683-3d3d-4098-b1c7-2ac642819676,Coloured Envelopes (unprinted) FSC Test,Other
8b8edc0e-95ec-4dd8-94a1-6498f638012b,Tickets,Small Format
3d5f1192-aad8-4038-9bbc-0652868a1327,Banners,Large Format
6d066331-4558-4051-988a-928ae697ba91,Celuk bamboo ballpoint pen (black ink),PPAG
00595b6d-dcc6-4c08-a049-4de8668f8a85,Sport Polos,PPAG
166ebe95-b395-45aa-8e8d-a78ca5ad61d4,Pavement Sign Protection Sheets,Large Format
d4583f0f-1dce-4f27-9cbf-4276839817d7,Broker-/Window Signs,Large Format
23345670-deb9-4422-ae8d-545b3bc711b3,Sport Shirts,PPAG
7c36ca7f-57f5-4256-b1c7-4ec546b0cc9b,Fashion T-Shirts,PPAG
2cc25114-c3b1-4609-bb8b-a1a9fe185def,Longsleeves,PPAG
f2818907-3ca0-4141-b466-b727c53ef89c,Loose leaf sets for ringbinders,Small Format
1806957c-3ccd-451d-91a7-c7f1968ea9ad,Baby Clothing,PPAG
d59c245c-0b09-4f97-8904-43cc15f0f545,WmD Gift Ribbons,Packaging
1845caea-af85-49f5-bf40-31ad23a221a2,Paper Ornaments,PPAG
1a5607b9-9673-484b-9682-bb9d72afb2fa,Grip Write Pen,PPAG
6785d93e-7004-4fac-a4b6-17a49f531cf9,Café Virtuoso - 12 oz. Ceramic Mug with Bamboo Lid Engraved,PPAG
097b649c-abc5-49cc-b87b-758e13fbe3b0,Lagan 300 ml copper vacuum insulated stainless steel tumbler with bamboo lid,PPAG
c02acd1c-592d-473d-a7dc-33c01b512a67,Balloons,PPAG
ca33b658-03d4-4d70-9db9-f8f97edc271e,Astrid - 18 oz. Recycled Stainless Steel Double Wall Bottle,PPAG
39001468-c92f-4739-8dd3-2eff087916b5,Priestly recycled notebook with pen,PPAG
a852587e-ecc8-4596-8b3a-0c7a62cc5082,T-Shirts - Adult - Basic - TEST VISTA ROUTING,Other
13c97934-175c-4f5b-bec6-be56663d04e6,Pascal 360 ml ceramic mug,PPAG
5886c89c-04c2-4702-bdd2-c5b062dd921d,Sustainable T-Shirts,PPAG
f1f24fe0-a8cb-4ec3-80d2-e7430f922a16,Fan Decks,Small Format
0de6bc99-5406-4000-b7bc-2da22928c9f6,Indoor Accessories,Large Format
a2750cd2-1f12-4c97-8968-7ba9c99e6625,Workwear Sweaters,PPAG
26f38bdb-c59d-4796-8da3-1f2264afe64d,Windowed Boxes,Packaging
f98b9799-ee7a-44a7-aabe-0d9477f45d72,Strom - 22 oz. RPET Water Bottle with Bamboo Lid,PPAG
f1592950-d276-49b9-b2c1-4cd5fda2dfab,Waterman Graduate ballpoint pen (blue ink),PPAG
d97d2617-294b-4016-b0e2-ab04d8cc1eb0,Solana Softy with Stylus,PPAG
5bc10f9e-b25d-4b90-b1b2-38c0c9934b3d,Magazines Stitched (DEPRECATED 07-07-2025),Small Format
9363460b-01f6-40c0-bc74-64e51016f2e5,Cups,PPAG
4e347eab-1cbf-4246-9834-4154aabd3a4d,Roll Up Banners (Transparent),Large Format
9b34fac1-0836-43b5-8ca7-8469f1dacb10,Odessa 220 g/m² cotton tote bag 13L,PPAG
00ef5e15-5e3c-4e35-8a7c-d78e8d64792a,Custom Quote Order Item,QUOTES
8b4c24d2-3e4b-4440-adab-d232be2f0740,Tents,Large Format
c4859ced-7ce6-4945-8129-9ab4557a40a8,Parasols,Large Format
45df664d-e3a2-4f1f-b15f-e884db2185bf,Longsleeves,PPAG
44da9015-d54e-4fd7-90bf-6c610a627bd3,V-Neck T-Shirt,PPAG
ff7db386-fa9a-40f6-b467-223777ff5635,Notebooks,PPAG
deb5d69b-be64-4f91-ad1b-e2a1f1c987cd,Wine Gift Packs TEST ROUTING,Other
f71691ec-4425-4f05-9558-556a75fc1026,Garden Posters,Large Format
95392528-ab3b-4a8d-8726-93114f8495b7,Geo - 5 oz. Recycled Cotton Tote Bag,PPAG
03b06fee-b519-4dcf-af1c-28c6d1ba4c91,Zen - Wheat Plastic Pen,PPAG
1fe22468-f457-441e-8858-caec24ba979e,Table Covers,Large Format
ccea7817-35b6-4663-8d72-9851a201b999,Madras 140 g/m2 GRS recycled cotton tote bag 7L,PPAG
9932f0b2-8825-474e-96fc-0fbddcce7e1b,HD Metal,Large Format
92b529d1-84f3-454f-be33-5043865b5b88,Promotional Boxes with crash lock base,Packaging
0675350d-f002-4242-a4dd-73b67ce0d4df,Folders,Small Format
6f8304b5-9d8c-4983-ada2-04b9e996cd3a,Coasters,PPAG
d3f765fd-9c9b-4f3c-95ab-b4f602180f75,Billie 300 ml ceramic mug with cork details and matt finish,PPAG
a561340d-c451-4faf-9ab1-62bf99dbfc36,Backpack Bags Promo,PPAG
5499654a-a070-4eaa-ba62-3931087f422a,Workwear Polos,PPAG
7a2657b5-cf09-4963-9105-2ef287b48b77,Flexible Packaging,Packaging
5aecb059-a65b-4c5a-8fbb-a94cf8d29bca,Hygiene Key,PPAG
af4202c1-e04b-4e90-9946-99a2b51e8a54,Stamps,PPAG
5fcd9e18-9541-40de-8ee9-fcfca8e095f1,Pillows,Large Format
1d63ea99-10ed-4d3f-a8aa-6783f7ac8e37,Workwear Sweaters,PPAG
47f61e07-90a6-416e-ac66-62044decee8f,Workwear Polos,PPAG
eb5d4b50-7448-4f8b-89f7-ffd5bb43edb7,Workwear Sweaters,PPAG
0b137c7c-ebdc-4a96-adbc-a365337f26e1,Calendars,Small Format
8325176e-874c-4e88-9ce0-2082f21e9d7b,Workwear Polos,PPAG
c7a7d024-7f74-4901-ba0e-f46a31fd8fd3,Tres-Chic,PPAG
b5008363-1415-47f9-a1f9-2ccd41f0480b,Deluxe Boxes,Packaging
ffc7cd13-d3a3-4088-a1af-0d0e6a1abe19,Directional Signs,Large Format
65c48e24-49a1-40ee-8732-a659f3af292a,Classic A5 soft cover notebook,PPAG
7a424207-1a74-4525-a9fe-ef3f3bc2e4ac,Selfcopy Sets with Numbering,Other
8e1eef0b-cc5d-4c01-86ad-b46f7f040387,Sweaters & Hoodies,PPAG
34446be3-7c10-4890-8f55-9cc8da6c1cec,"Rounded flyers, rounded postcards and wobblers",Small Format
9c46396d-8e68-41f9-bea4-18c9afaa809f,"Rounded flyers, rounded postcards and wobblers",Small Format
07a8f4a8-f254-4d00-b203-e8ac2d20ac5b,Magazines Loop Stitched,Small Format
b8bab9fb-8ae6-4996-bda9-01a3eb6d1e6c,Vivano Duo w/ Stylus,PPAG
6d66b1d2-d1cd-4518-98f5-f7c9c1fd88f8,Mumbay cotton pocket jute tote bag 18L,PPAG
031ce1ed-6f7c-4d04-880a-53d15bd0b0cf,Protection Devices - Mask (Version 2) - Printdeal Merchant SKU,PPAG
133cc1dc-f3ba-4152-bf19-4be7d4872c29,Keycords,PPAG
28394563-8d4f-4486-adc6-b4ab0e3d5e95,Magazines Stitched,Small Format
47996857-f1d8-466e-b73d-36cf3ea16a47,Hangtags,Small Format
10b7bb31-aee0-4f18-b5b4-3dc538a81256,TRUMASK Fashion Face Mask Replacement Filters,PPAG
7f464fab-d3bc-4987-8f14-f0a74b095b77,WmD Buttons,PPAG
748702fb-0d27-4d2c-a79f-2d649e63b29b,Gazelle Gel Softy Monochrome Pen,PPAG
57112c2f-3783-4131-a4c6-34f2f98349df,CD / DVD Printing,Packaging
0f5011fe-4c77-4d98-8c31-fef54246ee11,Polo Shirts,PPAG
ae49e48d-83cb-4a4b-94c1-fc1109aa6084,Tape,Packaging
84630142-05bf-4d53-bfad-ba78b7318974,Tres-Chic Softy,PPAG
7fb24f07-29e2-4d16-b865-101c709dfaef,Signage Board,Large Format
30e11212-a68c-4bd7-bcd4-4faece356bec,Rigid Media,Large Format
c0826851-c1a7-4408-bd54-3d0ab9b88f4e,Workwear Trousers,PPAG
d86a01c1-091a-45ab-823f-db77cdd39f0e,Fashion T-Shirts,PPAG
f2d41868-9b64-44b0-bf51-8e6d0ead468f,Monsterbox,Other
d7cef7b0-6d6a-4800-a1d6-8dcb1efd91be,23oz RSS Bottle,PPAG
71d6b0f9-3481-434b-b8dd-1f6791553065,Tents,Large Format
0ede9d80-349e-46c9-a499-460e7681eab5,Aprons,PPAG
240b6ee1-eb5b-4dff-9620-7db3b473793c,Workwear Sweaters,PPAG
1735329a-3f78-4f69-b78e-e23baf7cfd49,Letterhead Fsc Test Certificates,Other
c29af4c3-f0dc-49af-84ee-08347aafe094,Nash ballpoint pen with white barrel and coloured grip,PPAG
5b5bfd78-5c0b-441e-bbc2-e5b0d211ce52,Wooden Wine Boxes,Packaging
277ebdc2-bfaa-48f8-ade3-458964aa74d7,USB Flash Drive,PPAG
3ed634bc-47b7-4da2-94f7-54225f1c2396,Napkins,PPAG
af476356-58cf-4638-9df9-b62c1cc837d2,Tank Tops,PPAG
efededad-a4e2-46d3-b045-290c30362314,Workwear Shirts,PPAG
90c4e087-3c7e-4b69-b045-4370686c7199,Capri - Foldaway Shopping Tote Bag - 210D Polyester,PPAG
7b0c6f94-9fe7-453f-aeda-9049b53d3ec8,Postcards Including Envelopes,Small Format
ba94136c-ef04-478b-8302-5ef743a20b54,Menu Cards,Small Format
831b4808-b213-4b2f-9d5f-63fd376a52d2,Evergreen GRS recycled non-woven drawstring bag 5L,PPAG
79eeda82-aa08-4b00-8b89-5a709cce8b36,T-Shirts - Adult - Basic,PPAG
ba9d5185-ef91-49fd-b891-7e2c3bd36d0f,Playing Cards,PPAG
4707de8b-168d-45e4-b717-f5f93a06a880,Plastic Bags,PPAG
f5f59ff3-03d7-4abe-8283-4676b0501a49,Wine Gift Packs,Packaging
9a783680-3285-45d8-afde-edec6a950183,Mobile Flagpole,Large Format
95218cf0-2f82-4f1a-bd9e-ccceea0ba3e1,Trixie 750 ml stainless steel sport bottle,PPAG
9897a453-5c8e-4b35-b02d-34c3b895f288,20oz Carbonated Bottle,PPAG
42663c0d-bc34-4a51-b483-a5b4602b744a,Wristbands,PPAG
825d32d9-1e9d-4f73-a4db-90372e52c49d,Pavement Sign Topboards,Large Format
567467f6-c15b-4604-afd4-c96acb77e1d4,Shipping labels,Small Format
9ba8971b-7e4f-4e3e-a69a-99fb49dba48d,Flyers,Other
2d157955-245a-4af0-95ec-58948abed6ea,Facemasks Fashion Premium,PPAG
495110b1-9e31-4e6d-a284-233074c7ec20,Presentation Folders,Small Format
321ce644-0426-455c-898f-f170b99790cd,Fashion T-Shirts,PPAG
10863fdf-b394-4e86-b6d4-376be9e3eddd,La Jolla Stylus,PPAG
879536bb-32d9-4fed-9aee-ccc10ab9d7a9,Workwear Polos,PPAG
7f89222b-fbd6-459c-8383-54a6d022d117,Colorama Grip,PPAG
d0cd8b84-cc1c-4dae-8ec2-39ccdd45b3f3,Magazines Glued,Small Format
abbd9209-6118-4ce9-bc3c-e296980014fb,Workwear Trousers,PPAG
ed1723b9-a975-44ca-8e00-247b884e560d,Avalon Softy Metallic w/ Stylus,PPAG
4d84c60f-4a04-43df-8a68-db6003551e62,Peeta 500 ml copper vacuum insulated tumbler,PPAG
ea70b017-f2d4-41c9-82f0-1ec02125abe9,Dylan 650 ml Tritan water bottle with flip spout lid,PPAG
ed755c61-b026-4a14-86d5-c6aa8793c1ef,T-Shirts,PPAG
9d69bf01-3f6a-4640-a672-cbcd849984d6,Houd Afstand Hesje,PPAG
5559242f-c922-421c-b90e-1ad57909852b,Desk Pads,Small Format
6731d6a8-6422-4864-8a80-d703371e5b50,Moleskine Classic L soft cover notebook - plain,PPAG
652b16bc-eee0-4a58-bee8-5843ad4eb4d1,Basic T-Shirt Kids Hartvoorelkaar Promotion,Other
2a2d67ac-0590-44f1-8e55-cbccf63e0b3a,Flip Flops,PPAG
a0a35cab-3f2d-4cc3-8710-1df5b59e2024,Complete Bannerframe Systems,Large Format
c95cbed0-dd40-4508-bf6f-0d6cf9e9170f,Workwear Trousers,PPAG
73e408a3-4e36-48b9-a513-9af9250dd343,Bambowie Bamboo Pen,PPAG
f9c4e9bb-55ee-4710-b7f2-8e80ea04f5be,Crosby Softy Monochrome Metallic,PPAG
6cfd5d04-26e5-4119-adba-5d1cb369ca82,Window Stickers - White Printing,Large Format
762c582d-c5c6-4da8-8193-1b76079df01c,Olympus - 17 oz. Double Wall Copper-Lined Stainless Steel Bottle with Twist Lid,PPAG
835430b9-8b1b-48a8-8aa4-458d02389cd0,Parker Jotter SS ballpoint pen (blue ink),PPAG
324e11a7-2704-4bcc-a865-8c8b702e75ff,WmD Snack Packagings,Packaging
2e48c861-3b41-4d21-bd36-a610d163794f,Services,Other
3fae29c6-58c4-4088-aef3-3a2b0513807b,Coastal Threads Repreve Tech Organizer Padfolio - A4,PPAG
8bd1e836-1ac4-4e2f-9458-6969676b06d8,Thalaasa A5 ocean-bound hard cover notebook with ballpoint pen (black ink),PPAG
36e6079e-1b6e-4954-9adc-eeeb7649cd63,Agenda's,Small Format
638dc619-dad6-479a-8113-abcb6612fa11,Laguna 330 ml ceramic mug,PPAG
da9b7d61-ba7c-41df-a87c-6e543d6012d3,Memoblocks / Sticky Notes,Small Format
a617b5d0-1780-4226-b16d-99b5f70895e1,Fashion Polo Shirts,PPAG
cb7b534c-44d3-4ae5-acb5-cc3238b16e28,Ceiling Signs,Large Format
9dda72e3-87fe-4bba-a38a-54269b1d15e8,T-Shirts - Adult - Premium,PPAG
1ae4a54a-b058-4545-a183-5cbf34fa7240,Keychains,PPAG
44491df5-7253-4570-a657-ba98e7df3c2c,Caps,PPAG
57a1c49f-267e-4861-b8a2-00d3b50dc6a2,Duplex,PPAG
78c53919-f811-40b8-8d24-6201f1a1f131,Fashion Polo Shirts,PPAG
632398a3-4b36-462e-9ae7-f5576c11cc09,Sport Polo,PPAG
ed3cbd2e-9fa3-4020-9ebc-90695d390740,Paper Bags,
2d04775f-14f5-4cc9-860d-09a5ee65113a,Wrapping Paper,Packaging
29ae512c-651e-4fef-bcc8-af04fa0e13c3,Fabric Banners,Large Format
d645808e-915f-4fc5-bbae-c313a14be66e,Varai 320 g/m² canvas and jute shopping tote bag 23L,PPAG
96bbb99e-10cd-45ed-8e6e-548bca9564c5,Majesty Recycled Stainless Steel Straw Tumbler - 30 oz.,PPAG
5a8fde3d-777c-461e-82c6-c0d5c45108a6,Grow Paper Products,Small Format
bf97d967-0d64-4c3e-938c-d3c663477630,Nash recycled plastic ballpoint pen,PPAG
ae6889f4-c659-4ad0-9234-c013c9a90c96,Wall Calendar,Small Format
d38a21e5-b607-4c65-9709-44f90886a040,Ellipse Bamboo Stylus Pen,PPAG
a97f3597-4e56-400d-bbf6-c9a82eff259a,Stanley Quencher H2.0 1200 ml tumbler,PPAG
1dc30185-963b-4cad-bc69-cacb719b0e9a,Salo Tritan Renew Color Cap Bottle - 25 oz.,PPAG
ff7fe8b0-c172-4a97-84d8-14f2c9f3d9b0,Napkins,PPAG
f95c5801-d313-4b69-b0b8-284bd4fb787a,Crosby Matte Pen,PPAG
d8f94563-fb8a-4ebb-a6e2-bda4b8d78681,Topboards Pavement Signs Test 2025,Other
c6dc5165-1b33-4f1d-b44f-da60cc46e072,Rome - Non-Woven Tote Bag with 210D Pocket,PPAG
1a1b2cb9-99c2-4b16-82a4-54703d840d30,Magazines Glued - TEST MSKU,Other
8e501480-4a60-4e74-943f-3b493c4d4404,Coloured Envelopes (unprinted),Small Format
1310461a-12c1-4001-95d9-19b26848f546,Coasters,PPAG
11c82af6-429d-417a-b10c-58396e8e13ac,T-Shirts & Polos Kids,PPAG
94dc5f28-e360-446a-8308-54920a9e440a,Multiloft,Small Format
55b236dd-04be-4655-8c3c-150385c271c6,Workwear Sweaters,PPAG
ed741cf9-e529-4f18-8361-660e0129f9d7,T-Shirts - Adult - Luxury,PPAG
4c83ad0b-bc1e-4545-8e9e-ec0c7483108e,Broker-/Garden Signs,Large Format
8cf37a75-0bbb-4c13-a389-1d5205abe672,Sport Shirts,PPAG
31c22860-acdf-4dce-a329-13004f83749a,WmD Sugar Sticks,PPAG
d187021c-bbfb-43e3-a89d-793345190f82,Parker Jotter ballpoint pen (blue ink),PPAG
63784202-84ce-4a5b-8d5b-4deb008e451f,Ningbo 320 g/m² zippered cotton tote bag 15L,PPAG
1bee7384-fb02-49c6-ab41-ba6427adfa01,Sport Shirts Kids,PPAG
35ce99f1-1fb0-424d-aa55-080d15372f64,Spectrum A5 hard cover notebook,PPAG
318a001b-546d-42ca-a58e-aa4924c501ca,Florida 270 g/m² GRS recycled tote bag 10L,PPAG
24885950-95fb-4b02-9b15-33982b8a71fd,Cove 500 ml vacuum insulated stainless steel bottle,PPAG
79ffee34-18bf-421d-836e-38fa995c7c8f,Harbor - Non-Woven Tote Bag,PPAG
40bf30d7-2a5d-4f0b-9ee9-132884bf53af,Crosby Shiny Pen w/Top Stylus,PPAG
4054450a-4592-491a-bf47-df86162be76e,Letterhead (Test FSC - V2 SKU),Other
221cd119-04ce-42b7-9a29-64d4669ae4f1,Vasa 500 ml copper vacuum insulated water bottle,PPAG
80f43c40-2db7-42f1-af54-2157c9c1dd05,Writing Pads,Small Format
e25f2c6f-3b57-4b87-a902-86f3c425a37a,T-Shirts - Kids,PPAG
7d791be5-e128-47f8-a7bd-07e3e2c4f843,La Jolla Softy Monochrome Classic Pen,PPAG
e3a614f7-30d7-4721-9605-fbbcd514f7d3,Caps FY25,PPAG
ac3afd65-2d61-4a97-b4ed-69d188170b33,Workwear Jackets,PPAG
86d35cae-b01f-4694-8243-1fae64820c48,Food Picks,PPAG
4bc61927-8000-4ac8-9d71-77e498cbbf95,Nova A5 bound notebook,PPAG
a14bdcc1-3128-464e-9a4b-392a9a83b07d,Folding Boxes,Packaging
bac551fa-ea33-4ab8-8917-3472e64bdbf6,Minnelli Softy w/ Stylus,PPAG
853f36f2-8e15-4cda-98cf-fdf3347d4b9d,Honua A5 Recycled Paper Notebook,Small Format
c3e677d2-f1d9-4970-b514-881fdeb7875f,Magazines Glued,Small Format
37b226ff-380d-4057-801b-c0880d255543,Ellipse Softy Metallic w/ Stylus,PPAG
3e3dc40f-13d2-493b-9890-fc84006f32f3,Snack Bags,PPAG
cd9b19cc-e763-4e31-a75a-f0a4bb7d0e63,Paper Shipping Bags,Packaging
b12f47fa-b6ca-405f-bf40-81a47520f7c8,Cotton Bags 2023,PPAG
fbd29d67-abaf-41bc-b142-6b1fe10ee5e0,Workwear Accessories,PPAG
68b077e8-cc35-4609-a94b-20dcb1440438,Sport Tanktops,PPAG
ddedc5a9-29d0-4763-933f-3f5768f3a6ae,Test Fulfiller,Other
3dba59e4-dae4-463a-b7a0-df2a346dec81,Avalon Softy with Stylus,PPAG
4364e129-b786-4aba-8675-8d5df634d82b,Felta GRS recycled felt tote bag with wide bottom 12L,PPAG
9e8469b4-366e-4e9b-80ae-009488bd97b6,Moleskine Classic L soft cover notebook - ruled,PPAG
5a60d0ff-041c-477a-8ab2-c3f61d3b7cf1,Ohana - 750 ml Stainless Water Bottle,PPAG
fbb07ac1-9efc-4864-9e57-6bca3a2d3a88,Geo 350 ml copper vacuum insulated tumbler,PPAG
e37f0333-ccb6-41df-9106-dc898d5e87d0,Drinking Bottles,PPAG
4813f6b9-6f28-41ad-98fd-2e02dc6e6dac,Blanc Productcatalog,Other
9b3ec10c-f524-45ff-9d70-7196bb9ccd3f,Pix 330 ml ceramic sublimation colour pop mug,PPAG
029c2dc4-62fe-4f12-8ee4-606b818c42ef,Camden 350 ml RCS certified stainless steel tumbler,PPAG
2b7159cc-0192-4d05-af3d-ee5f5d8a8a0d,Folders,Small Format
74df78c6-e0ab-45e8-8e46-152c779119b1,Avalon Softy Monochrome Classic Stylus Pen,PPAG
590392f7-0dbd-4e2e-832c-2793489ebf11,Hudson 180 ml recycled plastic double-wall tumbler,PPAG
e8c41fcf-fef4-4d4a-b468-a19de2055467,Handling Mailing,Other
de46ee08-ca55-48ae-abe6-0acd2290a23a,Plexiglass Prints,Large Format
2c182441-3ac4-4eff-8726-948cb3c900fe,Tentwalls,Large Format
c6d12d86-bc2d-48eb-b730-4d0926e1f39a,Honua A5 recycled paper notebook with recycled PET cover,PPAG
d542d3d9-e8de-4e68-9f50-21a1ef37c979,Mousepads,PPAG
26469e30-02a3-4f5d-8f08-b00ecbfad064,Business Cards,Small Format
e5fc3b8f-e5ab-4529-a558-d82dfe5b49e8,La Jolla Softy Brights Pen,PPAG
726cce08-fb8b-4b36-b589-46ce913e586b,Dress Shirts,PPAG
e19d8223-fcc7-46b7-8e7d-fe0265af551c,Parker IM rollerball pen (black ink),PPAG
37587c27-a5ea-4349-9e62-87a555c43b1a,Rio™ Shopper Tote Bag - 5 oz. Recycled Cotton Blend with Jute,PPAG
e6f53136-cf3c-4b82-ba39-21e7a57edcee,Long Sleeve Blouses,PPAG
4eed03fd-a05e-407a-82d3-83747c3dbc9d,Spring 600 ml Tritan™ water bottle,PPAG
fd219be3-91d6-44a3-9935-93769ba2e6ab,Trumask Light,PPAG
002bcbb0-8f61-4e40-a657-bca5e1ef6b03,Plastic Cards,Small Format
c93b73f7-dad7-4035-9ada-35d7c4c13bd0,Sport Shirts,PPAG
86a02b7f-ef2f-40ae-b052-c8f4868bbb05,Backlit Polyester,Small Format
74d2db6e-b4ca-4cb5-9e41-4c5d2303a04e,Broker-/Window Signs,Large Format
14d44a90-4631-436c-969b-4176d851a99f,T-Shirts & Polos Kids,PPAG
0ab6bf32-5a3c-4016-a7d8-08a2d1e265ac,Business Cards t.b.v. Files (MSKU),Other
696f36f8-a663-48ea-8fc4-e768868e8b27,Aluminum Led Textile Frames,Large Format
72ef6bf8-629e-4fb9-8727-914fa45e56a9,Chairs,Large Format
6312990c-badb-4d42-a7c1-6009908771d8,Basic Facemasks,PPAG
fbc02d54-e355-40a4-9100-78a52d954de7,Non Woven Bags,PPAG
4eceefb5-4798-4f6e-9c8d-4b6a77baaee5,Florida 270 g/m² GRS recycled beach tote bag 18L,PPAG
68908df5-8ffa-4c37-977d-136987ba6715,Hangtags with cord,Small Format
ae8e4947-c13b-4895-8b78-c91c4a16d4a2,Banner Frames,Large Format
5172949a-3228-446b-9cf5-8549aba26d7e,Fashion Polo Shirts,PPAG
682bc243-267f-4e9b-b814-40b9cef3edcf,Accessories Tents Grizzly,Large Format
72c83bfa-be39-481f-b1c8-ac0adf467350,Sirius GRS RPET 650 ml drinking bottle,PPAG
18504423-60ae-4db9-95f7-92d44cf2859b,Colour-edge A5 hard cover notebook,PPAG
f826ca76-17e5-440f-a53f-6e340112e7b3,Facemasks Budget,PPAG
3972637d-1a83-45de-91f2-8c6949f8dff3,Verona - 10 oz. Recycled Cotton Tote Bag,PPAG
f546e8fe-acaa-41d4-9e53-179bff651bd7,Hi-Vis Sports Vests Kids,PPAG
131eb2fa-520d-49c5-a505-252da2d38203,Paper Shipping Bags,Packaging
d9991cd7-df21-40c9-93a1-863da6a8be04,Bari 240 ml ceramic sublimation mug,PPAG
791b7ff5-1ad2-427a-b000-49da85c0600b,Sport Shorts,PPAG
8dbe4098-54ae-45e4-8250-e7966531dd91,Stickers Small Format (DEPRECATED 13-06-2025),Small Format
ce141456-2bb5-4447-b1b7-c280e3b97aab,Backboard Envelopes,Small Format
22b58a98-e8f9-4f6a-a0d6-47f2b9971f1e,WmD Soap Bubbles,PPAG
eebf6bcf-0360-43d3-be9e-48195ecd7852,Postcards New,Small Format
c6dab4da-cc9c-4546-8466-729ffa6c35df,Portofino Softy Gel,PPAG
e40d2d54-70e2-4fd8-8992-7d6983ae8254,Dolce 300 ml ceramic mug with matt finish,PPAG
56551734-e181-41e7-b2ec-9f30b2dece30,Aluminium Textile Frame (Replaces CIM-R2QDQVVY),Large Format
75823547-1f27-4a35-8a04-c0ba316c7cb9,Plastic Cards Test,Small Format
2e67c1bb-30cf-46a7-87fc-dc60d2089911,Plastic Mailing Bags - Standard & Coloured,Packaging
5001c64b-6d70-4b47-91f9-231cb55126f7,Islander Softy Brights Gel w/ Stylus,PPAG
40404a85-6f08-4d8b-99ec-65f7eb5a31d9,Cotton Bags,PPAG
a160e66a-893a-4506-a86a-b40afcdde29d,Heavy-duty Boxes,Packaging
0e77c2f7-6e19-4c8d-9de5-491ca0eef187,Terra Recycled Milk Carton Hard Cover Notebook - A5,PPAG
5d0ef055-3d07-45a2-9ed3-92819f6dfee9,Tickets,Small Format
c98e5288-f1e5-43ae-b987-0477131203d8,Aluminum Led Textile Frames,Large Format
90f18093-2076-45f6-9953-72a8eb5ebd1b,Christmas Sweaters (Templates),PPAG
48ad2981-2b67-4181-92d1-27e80ac3561f,Felt Bags,PPAG
a07568e2-d45e-4857-a6ca-b7b8ccbb6339,T-Shirts,PPAG
ce3af762-9232-4eca-a0c4-fcc891672ace,Roll Stickers ORIENTATION,Small Format
8b02ad16-7f79-493a-b6e2-e96a12730783,Accessoires Rigid Media,Large Format
d8de68ee-65ea-4182-9b68-3659213e303b,Hanging Boxes,Packaging
fbf53b80-8c67-417f-befa-6ac1d3e7e7e3,Sirius 650 ml drinking bottle,PPAG
4afbfabc-05dd-4002-892e-0b5efe187cc7,Bowie Bamboo Grip Stylus Pen,PPAG
d669d278-cf9c-481f-be0a-8b540737f515,WmD Carpenter Pencils,PPAG
67d3b5e9-c810-4ce9-902a-d2c016f42408,Photo Frames,Small Format
cb49fee6-0903-438f-a117-1c27b90f398e,Bodhi 500 ml glass water bottle,PPAG
f24edeb8-9d17-467c-abd0-02d3bcee5fb0,V-Neck T-Shirt,PPAG
3f47c691-f92f-40d4-a475-bab4ad2162fc,Corona Communication Packages,Small Format
5ae7ef31-2ac1-4c86-aa34-a4fc19581683,Oriole premium drawstring bag 5L,PPAG
be99b574-e686-45bb-a10d-bc7dd7bd8df5,Spectrum A6 hard cover notebook,PPAG
d18e8db8-d9dd-40f6-a55e-f2b4a848d412,Crush Barrier Banner,Large Format
9fe9aa5b-e6e0-4c5e-a71a-ee693f04b6e1,Tres-Chic Softy Brights with Stylus,PPAG
3d03a711-2aac-467d-af60-866ca46f2043,Roll Up Banners,Large Format
bba7ce2f-2510-4e27-b226-e4ed0777f7a0,Pillow Packs,Packaging
575e06d0-a44f-4673-8765-f62f44d7761e,Umbrellas,PPAG
8df72bd6-747e-4576-83c9-f2b0532e57b5,Sport Shirts,PPAG
4f08f3ac-036c-4492-949e-736068f3da29,Milano Gold Softy,PPAG
c0942bcc-b7fc-4cda-8a77-d04b5b1ba5a9,Letterhead (Test FSC - V2 SKU),Other
a4917abd-1713-408a-be07-f056e6c7b559,Premium Face Mask Replacement Filters,PPAG
f60cf85e-c57b-45a3-8de4-b531c08a13c9,Elwood 410 ml insulated tumbler,PPAG
52adb0da-1d60-4e29-838c-59171985dd98,L-Banners,Large Format
939acaf9-3a74-4189-8386-18680b102f91,Workwear Shirts,PPAG
6ef50722-f317-496e-97aa-d3ad8ac8ba36,Paper Bags,PPAG
8c31b984-4b57-40a9-8101-bbd1cf25c2c2,Takeaway Paper Bags,
b1be15ac-a119-4415-93e2-dc4001fef984,Chromorama,PPAG
027788c4-a2eb-414e-b797-d820536e0c51,Workwear Sweaters,PPAG
45b7db0b-0f66-4b48-8446-1611fcd88ff9,Water Bottles,PPAG
e76fd754-f1d7-4780-b505-628707b86026,Fashion T-Shirts,PPAG
97ea21aa-454b-476e-ac57-b24694cab1b7,Höga Repreve® Spiral Jotter Notepad - A5,PPAG
d3167167-f733-4887-8d01-fc641545efa9,Polyester Bags,PPAG
40d7d6e4-a401-49d2-8b23-cbf12b19e48f,Beachflags and Dropflags,Large Format
d852fc11-c317-4aa1-bc76-6755bb68ebcc,Magazines Stitched SINGLE SKU,Small Format
b12a171d-4b9a-42da-8ae8-1e840f759029,Letterhead Fsc Test,Other
7d7fc830-8264-46a2-a819-9fc1be0491b8,Hockers,Large Format
89f33500-dc6b-4952-b08e-54573589aefc,MML with  Gun Metal Trim Mirror finish,PPAG
1fab4fa1-0bb8-45f9-9415-d1d9d5f52808,Sweaters & Hoodies Test DTF MSKU,Other
95f69c12-e917-4e30-8d1a-4418cba0c906,Pavement Signs,Large Format
8278bdc7-0d73-465b-b1f3-68a19ff81f4a,X-Banner,Large Format
d198badf-0166-49d2-a0f1-3a41d3a781a3,Hardcover Books,Small Format
e182c75a-19e1-436d-bc2d-60d1f274bcbc,Plaids,Large Format
91fd4c02-6911-437c-a1fa-db49c68a478e,Seed Eggs,PPAG
6571eefd-c0e2-4389-a627-1ea2b354ac42,Quebec - 5 oz. Two-Tone Recycled Cotton Tote,PPAG
5e30a00c-e4e0-4f2b-863b-3126031d2ad3,Posters,Small Format
74e54831-1c8c-4df2-95b2-f6dd5b608442,Bathrobes,PPAG
8fd44d25-0da6-48df-b83e-1ddc5bb67bca,Juana recycled aluminium ballpoint pen (blue ink),PPAG
2843d6be-bac4-4032-a2c6-0067e3cf72d3,Floormats,Large Format
101bc95a-3ba1-47cc-a8d6-81d4501e2c82,Posters EK Campaign,Small Format
cc4f2890-8253-49ca-960f-694944488523,Oregon 140 g/m² GRS recycled cotton drawstring bag,PPAG
8750c38d-31c3-4250-bbad-47e1ff8e72df,Small Gift Bag - 4 oz. Recycled Cotton Blend,PPAG
12f8a819-482a-4361-8d1d-d0103a323929,Sydney - 25 oz. Stainless Sports Bottle,PPAG
214fa6a3-e8cf-4d54-a5db-a6fbb72ffd49,Sport Shirts,PPAG
9e256bd9-9b23-4f0f-bfe2-bffab8896e62,Foldable bags,PPAG
7ac30964-07a1-41c7-b31e-bbf6b3e04a82,Sport Shirts,PPAG
700477f8-30b9-4901-91a4-4ed49592a048,Hi-Vis Sports Vests,PPAG
f2628754-190a-4d9d-8101-025e309bb756,Alejandra A5 recycled plastic hard cover notebook,PPAG
2576274d-3252-49f0-b93b-db7823d3d60b,Tape,Packaging
32a302bf-bb63-4a35-a2af-c56eb05fec4d,Business Card Holder,PPAG
7937e212-4262-498a-804a-1a2953854243,Crosby Softy Monochrome,PPAG
a073517f-d617-414b-8c77-b1ed26a80dda,Magazines Stitched,Small Format
